season,team,w_l,fpi,rk,trend,off,def,st,sos,rem_sos,avgwp,date,week
2020,Kansas City Chiefs,0-0,7.4,1,NA,8.2,-0.6,-0.2,0,20,0,2020-09-09,1
2020,Baltimore Ravens,0-0,6.1,2,NA,4.3,1.6,0.2,0,27,0,2020-09-09,1
2020,San Francisco 49ers,0-0,5.5,3,NA,2.9,2.2,0.3,0,11,0,2020-09-09,1
2020,New Orleans Saints,0-0,5.3,4,NA,4.9,0.2,0.2,0,16,0,2020-09-09,1
2020,Dallas Cowboys,0-0,2.9,5,NA,3.5,-0,-0.6,0,22,0,2020-09-09,1
2020,Philadelphia Eagles,0-0,2.7,6,NA,2.3,0.6,-0.1,0,15,0,2020-09-09,1
2020,Seattle Seahawks,0-0,2.7,7,NA,2.7,0.1,-0.1,0,8,0,2020-09-09,1
2020,Tampa Bay Buccaneers,0-0,2.5,8,NA,0.4,2.5,-0.4,0,19,0,2020-09-09,1
2020,New England Patriots,0-0,2.1,9,NA,-1.9,3.6,0.4,0,7,0,2020-09-09,1
2020,Buffalo Bills,0-0,1.9,10,NA,-0.8,2.8,-0.1,0,12,0,2020-09-09,1
2020,Los Angeles Rams,0-0,1.6,11,NA,1.7,-0.2,0.1,0,5,0,2020-09-09,1
2020,Pittsburgh Steelers,0-0,1.1,12,NA,-1.3,2.5,-0.1,0,26,0,2020-09-09,1
2020,Minnesota Vikings,0-0,0.9,13,NA,0.7,0.4,-0.2,0,23,0,2020-09-09,1
2020,Indianapolis Colts,0-0,0.1,14,NA,-0.5,0.7,-0.1,0,32,0,2020-09-09,1
2020,Green Bay Packers,0-0,0,15,NA,1.8,-1.2,-0.6,0,21,0,2020-09-09,1
2020,Tennessee Titans,0-0,-0.2,16,NA,0.1,-0.5,0.2,0,31,0,2020-09-09,1
2020,Denver Broncos,0-0,-0.2,17,NA,-2.2,1.9,0,0,3,0,2020-09-09,1
2020,Atlanta Falcons,0-0,-0.3,18,NA,0.7,-1,0.1,0,6,0,2020-09-09,1
2020,Cleveland Browns,0-0,-0.4,19,NA,-0,-0.3,-0,0,30,0,2020-09-09,1
2020,Los Angeles Chargers,0-0,-0.7,20,NA,-0.8,0.4,-0.3,0,17,0,2020-09-09,1
2020,Chicago Bears,0-0,-0.8,21,NA,-2.1,1.7,-0.3,0,29,0,2020-09-09,1
2020,Arizona Cardinals,0-0,-1.1,22,NA,-0.2,-1,0.1,0,9,0,2020-09-09,1
2020,Las Vegas Raiders,0-0,-1.5,23,NA,1.1,-2.4,-0.2,0,2,0,2020-09-09,1
2020,Houston Texans,0-0,-1.5,24,NA,0.2,-1.8,0.2,0,24,0,2020-09-09,1
2020,New York Jets,0-0,-1.7,25,NA,-2.6,0.3,0.6,0,1,0,2020-09-09,1
2020,New York Giants,0-0,-3.4,26,NA,-1.7,-1.6,-0.1,0,4,0,2020-09-09,1
2020,Miami Dolphins,0-0,-3.7,27,NA,-2.3,-1.7,0.2,0,13,0,2020-09-09,1
2020,Detroit Lions,0-0,-4,28,NA,-2,-1.9,-0,0,28,0,2020-09-09,1
2020,Carolina Panthers,0-0,-5,29,NA,-4.1,-0.6,-0.3,0,10,0,2020-09-09,1
2020,Cincinnati Bengals,0-0,-5.4,30,NA,-3.1,-2.6,0.3,0,18,0,2020-09-09,1
2020,Washington,0-0,-5.6,31,NA,-4.1,-1.8,0.3,0,14,0,2020-09-09,1
2020,Jacksonville Jaguars,0-0,-7.5,32,NA,-5.6,-2.3,0.3,0,25,0,2020-09-09,1
2020,Baltimore Ravens,1-0,8,1,1,4.9,2.9,0.2,30,28,2,2020-09-15,2
2020,Kansas City Chiefs,1-0,7.6,2,-1,8.6,-1,-0.1,26,16,4,2020-09-15,2
2020,New Orleans Saints,1-0,4.8,3,1,4,0.6,0.3,12,20,7,2020-09-15,2
2020,Seattle Seahawks,1-0,4.4,4,3,4.3,0.1,-0,9,17,3,2020-09-15,2
2020,San Francisco 49ers,0-1,3.5,5,-2,1.7,1.5,0.3,23,7,13,2020-09-15,2
2020,Tampa Bay Buccaneers,0-1,2.7,6,2,0,3.2,-0.5,3,25,26,2020-09-15,2
2020,Buffalo Bills,1-0,2.7,7,3,-0.1,3,-0.2,31,5,1,2020-09-15,2
2020,Pittsburgh Steelers,1-0,2.5,8,4,-0.7,3.3,-0.1,22,26,10,2020-09-15,2
2020,New England Patriots,1-0,2.5,9,NA,-1.3,3.4,0.4,32,2,5,2020-09-15,2
2020,Green Bay Packers,1-0,2.4,10,5,4.9,-2,-0.5,8,23,6,2020-09-15,2
2020,Dallas Cowboys,0-1,2.3,11,-6,2.8,0.1,-0.6,7,30,24,2020-09-15,2
2020,Los Angeles Rams,1-0,1.2,12,-1,1.1,0,0.1,16,6,9,2020-09-15,2
2020,Tennessee Titans,1-0,1.1,13,3,0.8,0.3,-0,10,31,17,2020-09-15,2
2020,Minnesota Vikings,0-1,0.2,14,-1,2.1,-1.6,-0.2,13,15,27,2020-09-15,2
2020,Philadelphia Eagles,0-1,0.1,15,-9,-0.9,1.1,-0.1,20,10,11,2020-09-15,2
2020,Arizona Cardinals,1-0,0.1,16,6,0.3,-0.3,0.1,4,19,20,2020-09-15,2
2020,Las Vegas Raiders,1-0,-0.4,17,6,2.6,-2.9,-0.1,17,8,12,2020-09-15,2
2020,Indianapolis Colts,0-1,-0.5,18,-4,-0.7,0.3,-0.1,28,29,14,2020-09-15,2
2020,Chicago Bears,1-0,-0.9,19,2,-1.8,1.2,-0.3,15,24,25,2020-09-15,2
2020,Los Angeles Chargers,1-0,-0.9,20,NA,-2.2,1.6,-0.3,21,12,18,2020-09-15,2
2020,Houston Texans,0-1,-1.2,21,3,0.7,-2.1,0.1,1,27,29,2020-09-15,2
2020,Atlanta Falcons,0-1,-1.4,22,-4,0.6,-2.1,0.1,11,3,30,2020-09-15,2
2020,Denver Broncos,0-1,-1.6,23,-6,-3.2,1.5,0.1,18,1,16,2020-09-15,2
2020,Cleveland Browns,0-1,-2.5,24,-5,-1.8,-0.6,-0.1,2,32,31,2020-09-15,2
2020,New York Jets,0-1,-2.8,25,NA,-3.1,-0.3,0.6,6,9,32,2020-09-15,2
2020,Detroit Lions,0-1,-3.2,26,2,-1,-2.2,-0,24,22,8,2020-09-15,2
2020,Washington,1-0,-4.4,27,4,-5.1,0.5,0.3,19,18,22,2020-09-15,2
2020,Carolina Panthers,0-1,-4.5,28,1,-2.8,-1.4,-0.2,27,4,21,2020-09-15,2
2020,Miami Dolphins,0-1,-4.7,29,-2,-2.5,-2.4,0.2,5,13,28,2020-09-15,2
2020,New York Giants,0-1,-5.1,30,-4,-2.9,-2.1,-0.1,14,11,23,2020-09-15,2
2020,Cincinnati Bengals,0-1,-5.7,31,-1,-4.7,-1.3,0.3,29,14,15,2020-09-15,2
2020,Jacksonville Jaguars,1-0,-6.5,32,NA,-4.8,-2.1,0.4,25,21,19,2020-09-15,2
2020,Baltimore Ravens,2-0,9.2,1,1,4.9,4,0.3,25,31,1,2020-09-22,3
2020,Kansas City Chiefs,2-0,6.8,2,-1,8.1,-1.3,-0,23,16,18,2020-09-22,3
2020,New Orleans Saints,1-0,4.7,3,NA,3.6,0.9,0.3,15,22,3,2020-09-22,3
2020,San Francisco 49ers,1-1,4.6,4,NA,2,2.3,0.4,24,2,5,2020-09-22,3
2020,Seattle Seahawks,2-0,4.5,5,1,5,-0.5,-0,10,14,8,2020-09-22,3
2020,Los Angeles Rams,2-0,3.8,6,6,3.1,0.7,0.1,13,8,4,2020-09-22,3
2020,Green Bay Packers,2-0,3.7,7,7,5.8,-1.6,-0.5,27,24,7,2020-09-22,3
2020,New England Patriots,1-1,3,8,2,-0.3,3,0.3,16,6,13,2020-09-22,3
2020,Tampa Bay Buccaneers,1-1,2.9,9,-2,-0.2,3.6,-0.5,17,19,16,2020-09-22,3
2020,Buffalo Bills,2-0,2.8,10,-1,0.9,2,-0.2,31,1,2,2020-09-22,3
2020,Dallas Cowboys,1-1,2.4,11,-6,3.1,-0.1,-0.6,6,29,28,2020-09-22,3
2020,Pittsburgh Steelers,2-0,1.6,12,-1,-1.9,3.7,-0.1,30,23,6,2020-09-22,3
2020,Tennessee Titans,2-0,0.3,13,3,1.6,-1.3,0,29,27,11,2020-09-22,3
2020,Arizona Cardinals,2-0,0.3,14,8,0.2,-0.1,0.2,20,10,10,2020-09-22,3
2020,Indianapolis Colts,1-1,-0.2,15,NA,-1.7,1.6,-0.1,28,28,9,2020-09-22,3
2020,Los Angeles Chargers,1-1,-0.3,16,4,-2.2,2.2,-0.3,8,18,14,2020-09-22,3
2020,Minnesota Vikings,0-2,-0.5,17,-4,0.6,-0.8,-0.3,5,21,30,2020-09-22,3
2020,Las Vegas Raiders,1-0,-0.6,18,3,2.2,-2.6,-0.1,21,7,12,2020-09-22,3
2020,Atlanta Falcons,0-2,-0.9,19,-2,1.1,-2.2,0.2,2,11,17,2020-09-22,3
2020,Chicago Bears,2-0,-1.3,20,3,-2.8,1.7,-0.3,32,15,15,2020-09-22,3
2020,Denver Broncos,0-2,-1.4,21,-3,-4.1,2.7,0,11,4,23,2020-09-22,3
2020,Cleveland Browns,1-1,-2.1,22,-3,-0.6,-1.4,-0.1,7,32,20,2020-09-22,3
2020,Philadelphia Eagles,0-2,-2.3,23,-15,-1.8,-0.4,-0.1,22,5,21,2020-09-22,3
2020,Houston Texans,0-2,-2.6,24,NA,-0.6,-2.2,0.2,1,30,31,2020-09-22,3
2020,New York Jets,0-2,-4.2,25,NA,-4.4,-0.4,0.6,3,3,32,2020-09-22,3
2020,Detroit Lions,0-2,-4.4,26,NA,-1.5,-2.8,-0,9,26,19,2020-09-22,3
2020,Miami Dolphins,0-2,-4.5,27,1,-1.4,-3.4,0.3,4,13,25,2020-09-22,3
2020,Jacksonville Jaguars,1-1,-4.8,28,4,-2.4,-2.8,0.4,18,25,24,2020-09-22,3
2020,Carolina Panthers,0-2,-4.8,29,NA,-3.3,-1.3,-0.3,12,12,27,2020-09-22,3
2020,Washington,1-1,-4.8,30,1,-5.6,0.6,0.2,19,20,29,2020-09-22,3
2020,Cincinnati Bengals,0-2,-5.3,31,-1,-3.5,-2.1,0.3,26,17,22,2020-09-22,3
2020,New York Giants,0-2,-5.3,32,-5,-3.7,-1.5,-0.1,14,9,26,2020-09-22,3
2020,Kansas City Chiefs,3-0,9,1,1,9.7,-0.5,-0.2,8,25,8,2020-09-29,4
2020,Baltimore Ravens,2-1,6.8,2,-1,3.7,2.8,0.3,9,31,10,2020-09-29,4
2020,San Francisco 49ers,2-1,6.7,3,2,3.5,2.9,0.4,28,1,2,2020-09-29,4
2020,Seattle Seahawks,3-0,4.7,4,NA,5.3,-0.6,-0,16,15,5,2020-09-29,4
2020,Green Bay Packers,3-0,4.4,5,5,6.6,-1.8,-0.4,10,26,4,2020-09-29,4
2020,Los Angeles Rams,2-1,4.4,6,6,4.4,0,-0,6,12,13,2020-09-29,4
2020,Tampa Bay Buccaneers,2-1,4.1,7,-1,-0,4.6,-0.5,18,18,6,2020-09-29,4
2020,New Orleans Saints,1-2,3.9,8,-5,4.3,-0.7,0.3,5,20,17,2020-09-29,4
2020,New England Patriots,2-1,3.5,9,NA,-0.2,3.3,0.3,21,8,9,2020-09-29,4
2020,Buffalo Bills,3-0,2.6,10,-3,1.9,0.9,-0.2,27,4,1,2020-09-29,4
2020,Dallas Cowboys,1-2,2.4,11,NA,3.1,-0.1,-0.6,3,32,29,2020-09-29,4
2020,Pittsburgh Steelers,3-0,1.5,12,-4,-1.5,3.1,-0.1,32,22,7,2020-09-29,4
2020,Indianapolis Colts,2-1,1.4,13,5,-1.5,3,-0.1,31,27,3,2020-09-29,4
2020,Las Vegas Raiders,2-1,0.6,14,3,3.6,-2.9,-0.2,4,13,18,2020-09-29,4
2020,Minnesota Vikings,0-3,0.3,15,-1,0.9,-0.3,-0.3,12,19,25,2020-09-29,4
2020,Arizona Cardinals,2-1,-0.3,16,NA,-0.2,-0.2,0.2,25,6,12,2020-09-29,4
2020,Tennessee Titans,3-0,-0.5,17,-4,1,-1.7,0.2,24,23,14,2020-09-29,4
2020,Atlanta Falcons,0-3,-1,18,4,1,-2,0,13,3,11,2020-09-29,4
2020,Cleveland Browns,2-1,-1.6,19,5,-0.5,-1,-0.1,26,29,15,2020-09-29,4
2020,Los Angeles Chargers,1-2,-1.6,20,NA,-3.6,2.3,-0.3,20,11,20,2020-09-29,4
2020,Chicago Bears,3-0,-1.7,21,-2,-3.2,1.7,-0.3,29,9,21,2020-09-29,4
2020,Houston Texans,0-3,-2.6,22,-1,-0.2,-2.5,0.2,1,30,26,2020-09-29,4
2020,Miami Dolphins,1-2,-3,23,6,-1,-2.3,0.3,15,10,19,2020-09-29,4
2020,Denver Broncos,0-3,-3.1,24,-1,-5.4,2.4,-0,14,2,28,2020-09-29,4
2020,Philadelphia Eagles,0-2,-3.2,25,-10,-2.8,-0.4,-0,30,7,22,2020-09-29,4
2020,Carolina Panthers,1-2,-3.5,26,2,-3,-0.2,-0.2,11,16,23,2020-09-29,4
2020,Detroit Lions,1-2,-3.7,27,-1,-1.3,-2.4,0,7,24,16,2020-09-29,4
2020,Cincinnati Bengals,0-2,-4.6,28,3,-3.4,-1.5,0.4,22,28,24,2020-09-29,4
2020,Washington,1-2,-5.9,29,-2,-6.3,0.2,0.2,19,21,27,2020-09-29,4
2020,New York Jets,0-3,-6.1,30,-5,-6.4,-0.3,0.6,2,5,32,2020-09-29,4
2020,Jacksonville Jaguars,1-2,-6.6,31,1,-3.7,-3.3,0.3,23,17,30,2020-09-29,4
2020,New York Giants,0-3,-7.5,32,-2,-4.8,-2.6,-0.1,17,14,31,2020-09-29,4
2020,Kansas City Chiefs,4-0,9.9,1,NA,9.1,1,-0.2,15,28,7,2020-10-07,5
2020,Baltimore Ravens,3-1,7.1,2,NA,3.9,2.8,0.4,13,30,5,2020-10-07,5
2020,San Francisco 49ers,2-2,5.5,3,NA,2.4,2.8,0.3,31,1,6,2020-10-07,5
2020,Tampa Bay Buccaneers,3-1,5,4,3,1.1,4.3,-0.5,26,11,11,2020-10-07,5
2020,Seattle Seahawks,4-0,4.9,5,-1,5.4,-0.4,0,16,19,4,2020-10-07,5
2020,Green Bay Packers,4-0,4.9,6,-1,6.8,-1.5,-0.4,17,23,3,2020-10-07,5
2020,New Orleans Saints,2-2,4.3,7,1,5,-1,0.2,8,13,12,2020-10-07,5
2020,Los Angeles Rams,3-1,4,8,-2,3.3,0.8,-0,22,7,9,2020-10-07,5
2020,Buffalo Bills,4-0,3.4,9,1,2.2,1.3,-0.2,23,8,1,2020-10-07,5
2020,New England Patriots,2-2,1.7,10,-1,-2.3,3.7,0.3,4,21,14,2020-10-07,5
2020,Pittsburgh Steelers,3-0,1.5,11,1,-1.7,3.4,-0.1,32,15,8,2020-10-07,5
2020,Dallas Cowboys,1-3,1.5,12,-1,3.6,-1.6,-0.6,5,32,31,2020-10-07,5
2020,Indianapolis Colts,3-1,1.3,13,NA,-1.8,3.1,-0,30,26,2,2020-10-07,5
2020,Minnesota Vikings,1-3,0.8,14,1,1.4,-0.3,-0.4,12,18,20,2020-10-07,5
2020,Cleveland Browns,3-1,0.2,15,4,1.5,-1.2,-0,19,31,10,2020-10-07,5
2020,Las Vegas Raiders,2-2,-0.5,16,-2,2.9,-3.2,-0.1,6,14,23,2020-10-07,5
2020,Tennessee Titans,3-0,-0.5,17,NA,0.7,-1.4,0.2,24,22,13,2020-10-07,5
2020,Arizona Cardinals,2-2,-1.2,18,-2,-0.1,-1.3,0.1,25,5,18,2020-10-07,5
2020,Atlanta Falcons,0-4,-1.4,19,-1,0.7,-2.1,0,3,3,17,2020-10-07,5
2020,Chicago Bears,3-1,-1.7,20,1,-3.3,1.9,-0.4,29,6,25,2020-10-07,5
2020,Philadelphia Eagles,1-2,-2.2,21,4,-2.7,0.6,-0,20,10,21,2020-10-07,5
2020,Carolina Panthers,2-2,-2.3,22,4,-1.8,-0.2,-0.3,21,9,15,2020-10-07,5
2020,Denver Broncos,1-3,-2.5,23,1,-5.3,2.7,0.1,18,4,26,2020-10-07,5
2020,Houston Texans,0-4,-2.6,24,-2,-0,-2.8,0.2,1,29,27,2020-10-07,5
2020,Los Angeles Chargers,1-3,-3.5,25,-5,-4.7,1.6,-0.4,2,20,16,2020-10-07,5
2020,Miami Dolphins,1-3,-3.5,26,-3,-1.3,-2.5,0.3,14,17,24,2020-10-07,5
2020,Detroit Lions,1-3,-3.8,27,NA,-0.9,-2.9,0,9,25,22,2020-10-07,5
2020,Cincinnati Bengals,1-2,-4.1,28,NA,-2.7,-1.7,0.4,28,24,19,2020-10-07,5
2020,Washington,1-3,-5.6,29,NA,-6.1,0.4,0.1,10,27,30,2020-10-07,5
2020,New York Jets,0-4,-6.4,30,NA,-6.7,-0.4,0.7,11,2,32,2020-10-07,5
2020,Jacksonville Jaguars,1-3,-6.7,31,NA,-3,-4,0.3,27,12,28,2020-10-07,5
2020,New York Giants,0-4,-7.6,32,NA,-5.6,-1.9,-0.1,7,16,29,2020-10-07,5
2020,Kansas City Chiefs,4-1,8.7,1,NA,8.7,0.2,-0.2,13,21,9,2020-10-14,6
2020,Baltimore Ravens,4-1,7.3,2,NA,2.9,4.1,0.4,25,30,3,2020-10-14,6
2020,Los Angeles Rams,4-1,5.3,3,3,3.6,1.8,-0.1,23,5,6,2020-10-14,6
2020,Seattle Seahawks,5-0,5.2,4,NA,5.4,-0.1,0,14,15,8,2020-10-14,6
2020,Green Bay Packers,4-0,4.8,5,NA,6.8,-1.5,-0.4,18,20,2,2020-10-14,6
2020,Tampa Bay Buccaneers,3-2,4.7,6,1,0.9,4.3,-0.5,22,11,10,2020-10-14,6
2020,Buffalo Bills,4-0,3.7,7,3,2.4,1.6,-0.2,19,9,1,2020-10-14,6
2020,New Orleans Saints,3-2,3.7,8,NA,4.5,-1.1,0.3,11,12,18,2020-10-14,6
2020,San Francisco 49ers,2-3,3.1,9,-6,0.9,1.9,0.3,31,2,14,2020-10-14,6
2020,New England Patriots,2-2,2.1,10,-1,-2,3.8,0.3,2,14,15,2020-10-14,6
2020,Pittsburgh Steelers,4-0,2,11,1,-0.3,2.4,-0.1,32,13,5,2020-10-14,6
2020,Las Vegas Raiders,3-2,1.3,12,2,4,-2.5,-0.1,1,27,20,2020-10-14,6
2020,Minnesota Vikings,1-4,1,13,2,1.6,-0.2,-0.3,4,28,19,2020-10-14,6
2020,Cleveland Browns,4-1,0.7,14,5,1.9,-1.2,-0,24,31,7,2020-10-14,6
2020,Indianapolis Colts,3-2,0.6,15,-2,-2.3,2.9,0,30,25,4,2020-10-14,6
2020,Arizona Cardinals,3-2,-0.1,16,NA,0.6,-0.9,0.2,29,6,12,2020-10-14,6
2020,Tennessee Titans,3-0,-0.6,17,NA,0.7,-1.4,0.2,27,17,13,2020-10-14,6
2020,Miami Dolphins,2-3,-0.9,18,5,0.1,-1.4,0.4,8,16,17,2020-10-14,6
2020,Carolina Panthers,3-2,-0.9,19,7,-0.6,-0.1,-0.3,12,8,11,2020-10-14,6
2020,Chicago Bears,4-1,-1.4,20,1,-3.3,2.2,-0.3,28,10,25,2020-10-14,6
2020,Houston Texans,1-4,-1.9,21,1,0.6,-2.7,0.2,9,26,26,2020-10-14,6
2020,Atlanta Falcons,0-5,-2.1,22,-4,0.8,-2.9,0,10,4,21,2020-10-14,6
2020,Philadelphia Eagles,1-3,-2.2,23,2,-1.4,-0.8,-0.1,15,18,23,2020-10-14,6
2020,Los Angeles Chargers,1-4,-2.2,24,-4,-3.7,1.8,-0.4,3,22,16,2020-10-14,6
2020,Denver Broncos,1-3,-2.6,25,-1,-5.4,2.7,0,20,3,27,2020-10-14,6
2020,Dallas Cowboys,2-3,-3.3,26,-15,-1,-1.7,-0.6,16,29,29,2020-10-14,6
2020,Detroit Lions,1-3,-3.7,27,NA,-0.7,-2.9,-0,7,24,22,2020-10-14,6
2020,Cincinnati Bengals,1-3,-4.7,28,NA,-4.4,-0.8,0.4,17,23,24,2020-10-14,6
2020,Washington,1-4,-5.2,29,NA,-5.5,0.1,0.2,6,32,31,2020-10-14,6
2020,New York Giants,0-5,-7.3,30,2,-5.3,-2,0,5,19,28,2020-10-14,6
2020,Jacksonville Jaguars,1-4,-7.3,31,NA,-3.1,-4.5,0.3,26,7,30,2020-10-14,6
2020,New York Jets,0-5,-7.8,32,-2,-7.3,-1.2,0.7,21,1,32,2020-10-14,6
2020,Kansas City Chiefs,5-1,9.3,1,NA,9.4,0.2,-0.2,12,23,6,2020-10-21,7
2020,Tampa Bay Buccaneers,4-2,6.6,2,4,1.4,5.7,-0.5,20,10,4,2020-10-21,7
2020,Baltimore Ravens,5-1,6.6,3,-1,2.2,4,0.4,25,30,1,2020-10-21,7
2020,Seattle Seahawks,5-0,4.9,4,-1,5.3,-0.4,0,23,13,5,2020-10-21,7
2020,Los Angeles Rams,4-2,4.4,5,-1,3.2,1.3,-0.1,19,4,13,2020-10-21,7
2020,San Francisco 49ers,3-3,4.2,6,2,1.8,2,0.3,30,3,10,2020-10-21,7
2020,Pittsburgh Steelers,5-0,3.8,7,4,-0.1,4,-0.1,32,19,2,2020-10-21,7
2020,New Orleans Saints,3-2,3.8,8,-1,4.7,-1.2,0.3,16,8,18,2020-10-21,7
2020,Green Bay Packers,4-1,2.8,9,-4,5,-1.7,-0.4,6,25,3,2020-10-21,7
2020,Arizona Cardinals,4-2,2.4,10,7,1.8,0.4,0.1,28,7,8,2020-10-21,7
2020,Tennessee Titans,5-0,1.8,11,1,3.8,-2,0.1,29,20,7,2020-10-21,7
2020,New England Patriots,2-3,1.7,12,-3,-2.6,4,0.3,4,17,20,2020-10-21,7
2020,Buffalo Bills,4-2,1.4,13,-3,1.8,-0.2,-0.2,5,11,11,2020-10-21,7
2020,Las Vegas Raiders,3-2,1.1,14,NA,3.8,-2.6,-0.1,2,21,21,2020-10-21,7
2020,Indianapolis Colts,4-2,-0.1,15,1,-1.5,1.3,0,31,14,9,2020-10-21,7
2020,Minnesota Vikings,1-5,-0.2,16,-3,1,-0.8,-0.4,9,24,25,2020-10-21,7
2020,Chicago Bears,5-1,-0.7,17,3,-3.3,2.9,-0.3,26,12,22,2020-10-21,7
2020,Carolina Panthers,3-3,-0.9,18,NA,-0.8,0.1,-0.3,14,5,19,2020-10-21,7
2020,Miami Dolphins,3-3,-1.1,19,NA,-1.3,-0.3,0.4,24,15,12,2020-10-21,7
2020,Atlanta Falcons,1-5,-1.1,20,2,1.7,-2.9,0.1,11,2,17,2020-10-21,7
2020,Philadelphia Eagles,1-4,-1.2,21,2,-1.1,-0,-0.1,8,29,27,2020-10-21,7
2020,Denver Broncos,2-3,-1.4,22,2,-5.2,3.7,0.1,7,6,23,2020-10-21,7
2020,Cleveland Browns,4-2,-1.5,23,-8,-0.1,-1.3,-0.1,21,32,15,2020-10-21,7
2020,Houston Texans,1-5,-1.7,24,-3,2.1,-4,0.2,3,28,28,2020-10-21,7
2020,Detroit Lions,2-3,-2.8,25,2,-0.2,-2.6,-0,15,18,14,2020-10-21,7
2020,Los Angeles Chargers,1-4,-3.2,26,NA,-4.8,2,-0.4,1,22,16,2020-10-21,7
2020,Cincinnati Bengals,1-4,-4.5,27,1,-3.2,-1.7,0.4,18,26,24,2020-10-21,7
2020,Washington,1-5,-4.8,28,1,-4.9,-0,0.1,13,31,31,2020-10-21,7
2020,Dallas Cowboys,2-4,-5.8,29,-4,-2.5,-2.7,-0.6,22,27,29,2020-10-21,7
2020,New York Giants,1-5,-7.3,30,1,-5.1,-2.2,0,10,16,26,2020-10-21,7
2020,Jacksonville Jaguars,1-5,-7.9,31,-1,-3.9,-4.2,0.2,27,9,30,2020-10-21,7
2020,New York Jets,0-6,-8.8,32,NA,-8.6,-0.7,0.6,17,1,32,2020-10-21,7
2020,Kansas City Chiefs,6-1,10.2,1,NA,9,1.3,-0.2,16,27,4,2020-10-28,8
2020,Tampa Bay Buccaneers,5-2,8.4,2,4,2.8,6.1,-0.5,13,14,7,2020-10-28,8
2020,Baltimore Ravens,5-1,6.7,3,-1,2,4.2,0.4,25,31,1,2020-10-28,8
2020,San Francisco 49ers,4-3,6.2,4,4,3.3,2.6,0.3,29,5,6,2020-10-28,8
2020,Los Angeles Rams,5-2,5.1,5,-1,2.9,2.3,-0.1,21,2,9,2020-10-28,8
2020,Seattle Seahawks,5-1,4.7,6,-3,5.3,-0.6,0,20,8,5,2020-10-28,8
2020,Green Bay Packers,5-1,4,7,-2,5.5,-1.1,-0.4,4,24,3,2020-10-28,8
2020,New Orleans Saints,4-2,3.8,8,-1,5.2,-1.6,0.3,17,3,15,2020-10-28,8
2020,Pittsburgh Steelers,6-0,3.6,9,2,-0.2,3.9,-0.1,31,23,2,2020-10-28,8
2020,Arizona Cardinals,5-2,2.7,10,7,2.1,0.4,0.2,28,9,13,2020-10-28,8
2020,Tennessee Titans,5-1,1.6,11,1,3.7,-2.2,0.1,30,25,14,2020-10-28,8
2020,Buffalo Bills,5-2,1.2,12,-2,1.4,0,-0.2,12,10,10,2020-10-28,8
2020,Indianapolis Colts,4-2,-0.1,13,3,-1.7,1.5,0,32,15,8,2020-10-28,8
2020,Minnesota Vikings,1-5,-0.3,14,-1,0.8,-0.7,-0.4,9,22,22,2020-10-28,8
2020,New England Patriots,2-4,-0.5,15,-6,-3.4,2.5,0.3,7,16,24,2020-10-28,8
2020,Carolina Panthers,3-4,-0.6,16,2,-0.1,-0.2,-0.3,5,6,19,2020-10-28,8
2020,Las Vegas Raiders,3-3,-0.7,17,-3,3.3,-3.9,-0.1,1,29,21,2020-10-28,8
2020,Miami Dolphins,3-3,-1.2,18,1,-1.5,-0.2,0.4,27,17,11,2020-10-28,8
2020,Cleveland Browns,5-2,-1.2,19,-4,1.1,-2.3,-0,23,32,18,2020-10-28,8
2020,Chicago Bears,5-2,-1.3,20,NA,-4.5,3.4,-0.3,10,18,23,2020-10-28,8
2020,Philadelphia Eagles,2-4,-1.4,21,2,-1.3,0,-0.1,14,26,27,2020-10-28,8
2020,Atlanta Falcons,1-6,-1.4,22,NA,1.6,-3.2,0.1,18,1,16,2020-10-28,8
2020,Los Angeles Chargers,2-4,-2.5,23,3,-4.3,2.2,-0.5,6,21,12,2020-10-28,8
2020,Detroit Lions,3-3,-2.6,24,3,-0.1,-2.5,0,11,13,17,2020-10-28,8
2020,Houston Texans,1-6,-2.7,25,-4,1.6,-4.5,0.1,3,30,29,2020-10-28,8
2020,Washington,2-5,-3,26,3,-4,0.9,0.1,24,28,28,2020-10-28,8
2020,Denver Broncos,2-4,-3.1,27,-3,-7,3.9,0.1,2,11,25,2020-10-28,8
2020,Cincinnati Bengals,1-5,-4.4,28,NA,-2.2,-2.5,0.4,22,20,20,2020-10-28,8
2020,New York Giants,1-6,-6.6,29,2,-4.7,-1.9,0,8,12,26,2020-10-28,8
2020,Dallas Cowboys,2-5,-7.2,30,-5,-3.5,-3.1,-0.6,19,19,31,2020-10-28,8
2020,Jacksonville Jaguars,1-6,-8.3,31,-1,-3.9,-4.6,0.2,26,7,30,2020-10-28,8
2020,New York Jets,0-7,-8.8,32,NA,-9,-0.4,0.6,15,4,32,2020-10-28,8
2020,Kansas City Chiefs,7-1-0,10.8,1,NA,9.3,1.7,-0.2,28,13,3,2020-11-04,9
2020,Tampa Bay Buccaneers,6-2-0,7.4,2,NA,2.4,5.5,-0.4,17,10,7,2020-11-04,9
2020,Baltimore Ravens,5-2-0,6.1,3,NA,1.7,3.9,0.5,19,32,1,2020-11-04,9
2020,Seattle Seahawks,6-1-0,5.3,4,2,6.3,-1.1,0.1,13,12,4,2020-11-04,9
2020,San Francisco 49ers,4-4-0,5.1,5,-1,3.2,1.7,0.2,20,9,10,2020-11-04,9
2020,Pittsburgh Steelers,7-0-0,4.5,6,3,0.3,4.3,-0.1,29,28,2,2020-11-04,9
2020,Los Angeles Rams,5-3-0,4,7,-2,0.8,3.3,-0.2,14,3,13,2020-11-04,9
2020,New Orleans Saints,5-2-0,3.7,8,NA,4.9,-1.4,0.2,21,2,15,2020-11-04,9
2020,Green Bay Packers,5-2-0,3.2,9,-2,5.5,-1.9,-0.4,7,27,5,2020-11-04,9
2020,Arizona Cardinals,5-2-0,2.4,10,NA,1.8,0.4,0.2,30,8,12,2020-11-04,9
2020,Indianapolis Colts,5-2-0,1.4,11,2,-0.6,1.9,-0,32,15,6,2020-11-04,9
2020,Buffalo Bills,6-2-0,1.2,12,NA,2,-0.6,-0.2,16,6,9,2020-11-04,9
2020,Tennessee Titans,5-2-0,1.1,13,-2,4.1,-3,0,31,22,18,2020-11-04,9
2020,Minnesota Vikings,2-5-0,0.8,14,NA,1.7,-0.5,-0.4,5,30,22,2020-11-04,9
2020,New England Patriots,2-5-0,-0.2,15,NA,-2.7,2.1,0.3,2,23,26,2020-11-04,9
2020,Las Vegas Raiders,4-3-0,-0.4,16,1,3.1,-3.3,-0.2,1,26,21,2020-11-04,9
2020,Miami Dolphins,4-3-0,-0.5,17,1,-3,2,0.5,27,17,8,2020-11-04,9
2020,Atlanta Falcons,2-6-0,-0.8,18,4,2.1,-3,0.1,18,1,14,2020-11-04,9
2020,Philadelphia Eagles,3-4-1,-0.8,19,2,-2.2,1.5,-0.1,26,16,24,2020-11-04,9
2020,Carolina Panthers,3-5-0,-1.5,20,-4,-0.5,-0.7,-0.3,10,4,20,2020-11-04,9
2020,Cleveland Browns,5-3-0,-1.5,21,-2,0.6,-2,-0.1,24,31,17,2020-11-04,9
2020,Chicago Bears,5-3-0,-1.7,22,-2,-4.8,3.3,-0.3,11,24,23,2020-11-04,9
2020,Denver Broncos,3-4-0,-2.6,23,4,-6.2,3.6,0.1,8,5,27,2020-11-04,9
2020,Los Angeles Chargers,2-5-0,-2.6,24,-1,-3.9,1.7,-0.4,9,20,11,2020-11-04,9
2020,Houston Texans,1-6-0,-2.7,25,NA,1.5,-4.4,0.2,3,29,29,2020-11-04,9
2020,Washington,2-5-0,-3.1,26,NA,-3.8,0.6,0.1,25,25,28,2020-11-04,9
2020,Cincinnati Bengals,2-5-1,-3.6,27,1,-1.1,-2.9,0.4,22,21,16,2020-11-04,9
2020,Detroit Lions,3-4-0,-3.9,28,-4,-0.5,-3.4,0,12,14,19,2020-11-04,9
2020,New York Giants,1-7-0,-5.5,29,NA,-3.7,-1.8,0,6,19,25,2020-11-04,9
2020,Dallas Cowboys,2-6-0,-7.8,30,NA,-4.9,-2.3,-0.6,15,18,30,2020-11-04,9
2020,Jacksonville Jaguars,1-6-0,-8.5,31,NA,-4.2,-4.5,0.2,23,7,31,2020-11-04,9
2020,New York Jets,0-8-0,-9.1,32,NA,-9.2,-0.5,0.6,4,11,32,2020-11-04,9
2020,Kansas City Chiefs,8-1-0,10.3,1,NA,9.5,1,-0.2,26,11,2,2020-11-11,10
2020,Baltimore Ravens,6-2-0,6.7,2,1,1.5,4.8,0.5,18,32,1,2020-11-11,10
2020,Tampa Bay Buccaneers,6-3-0,5.8,3,-1,1.2,5.1,-0.5,14,10,11,2020-11-11,10
2020,New Orleans Saints,6-2-0,5.5,4,4,5.5,-0.2,0.2,15,6,9,2020-11-11,10
2020,Seattle Seahawks,6-2-0,4.7,5,-1,5.8,-1.2,0.1,8,23,7,2020-11-11,10
2020,Green Bay Packers,6-2-0,4.7,6,3,6.4,-1.4,-0.4,2,31,3,2020-11-11,10
2020,Pittsburgh Steelers,8-0-0,4.6,7,-1,0.3,4.3,-0.1,29,28,4,2020-11-11,10
2020,Los Angeles Rams,5-3-0,3.8,8,-1,0.6,3.4,-0.2,19,4,12,2020-11-11,10
2020,San Francisco 49ers,4-5-0,3.7,9,-4,2.3,1.2,0.2,21,9,15,2020-11-11,10
2020,Arizona Cardinals,5-3-0,2.5,10,NA,2.4,-0.1,0.2,31,5,14,2020-11-11,10
2020,Minnesota Vikings,3-5-0,1.9,11,3,2.4,-0,-0.5,9,29,17,2020-11-11,10
2020,Buffalo Bills,7-2-0,1.9,12,NA,2.2,-0.2,-0.2,16,7,5,2020-11-11,10
2020,Tennessee Titans,6-2-0,1.5,13,NA,3.6,-2.2,-0,30,19,16,2020-11-11,10
2020,Indianapolis Colts,5-3-0,0.5,14,-3,-1.6,2.1,-0,32,17,8,2020-11-11,10
2020,New England Patriots,3-5-0,-0.1,15,NA,-1.8,1.3,0.5,12,13,26,2020-11-11,10
2020,Las Vegas Raiders,5-3-0,-0.2,16,NA,3.4,-3.4,-0.1,1,26,20,2020-11-11,10
2020,Miami Dolphins,5-3-0,-0.5,17,NA,-2.5,1.4,0.5,20,25,6,2020-11-11,10
2020,Atlanta Falcons,3-6-0,-0.6,18,NA,2.3,-3,0.1,23,1,10,2020-11-11,10
2020,Carolina Panthers,3-6-0,-0.6,19,1,0.6,-0.9,-0.4,3,12,21,2020-11-11,10
2020,Philadelphia Eagles,3-4-1,-0.9,20,-1,-2.4,1.5,-0.1,25,14,24,2020-11-11,10
2020,Cleveland Browns,5-3-0,-1.5,21,NA,0.5,-1.9,-0.1,24,30,19,2020-11-11,10
2020,Chicago Bears,5-4-0,-2.1,22,NA,-5.6,3.7,-0.2,10,22,25,2020-11-11,10
2020,Houston Texans,2-6-0,-2.4,23,2,1.6,-4.1,0.2,7,27,27,2020-11-11,10
2020,Denver Broncos,3-5-0,-2.7,24,-1,-6.2,3.4,0.1,5,3,28,2020-11-11,10
2020,Los Angeles Chargers,2-6-0,-2.9,25,-1,-3.8,1.4,-0.5,13,15,13,2020-11-11,10
2020,Cincinnati Bengals,2-5-1,-3.6,26,1,-1.1,-2.9,0.4,22,21,18,2020-11-11,10
2020,Washington,2-6-0,-4.2,27,-1,-4.8,0.6,0.1,28,20,29,2020-11-11,10
2020,Detroit Lions,3-5-0,-4.7,28,NA,-0.9,-3.9,0.1,4,16,23,2020-11-11,10
2020,New York Giants,2-7-0,-5.4,29,NA,-3.6,-1.9,0.1,11,18,22,2020-11-11,10
2020,Dallas Cowboys,2-7-0,-7.8,30,NA,-5,-2.3,-0.5,17,24,30,2020-11-11,10
2020,Jacksonville Jaguars,1-7-0,-8.8,31,NA,-4.6,-4.5,0.3,27,2,31,2020-11-11,10
2020,New York Jets,0-9-0,-9,32,NA,-8.5,-1.1,0.6,6,8,32,2020-11-11,10
2020,Kansas City Chiefs,8-1-0,10.3,1,NA,9.6,0.9,-0.2,27,8,3,2020-11-18,11
2020,Tampa Bay Buccaneers,7-3-0,7.1,2,1,2.5,5.1,-0.6,12,10,11,2020-11-18,11
2020,New Orleans Saints,7-2-0,6.7,3,1,5.8,0.6,0.3,15,9,7,2020-11-18,11
2020,Baltimore Ravens,6-3-0,6.2,4,-2,1.6,4.1,0.5,18,32,2,2020-11-18,11
2020,Pittsburgh Steelers,9-0-0,5.1,5,2,0.2,5,-0.1,32,27,1,2020-11-18,11
2020,Green Bay Packers,7-2-0,4.4,6,NA,5.8,-0.9,-0.5,11,31,4,2020-11-18,11
2020,Los Angeles Rams,6-3-0,4.4,7,1,0.8,3.8,-0.2,21,4,10,2020-11-18,11
2020,Seattle Seahawks,6-3-0,4,8,-3,5.3,-1.5,0.2,2,28,12,2020-11-18,11
2020,San Francisco 49ers,4-6-0,3.3,9,NA,1.7,1.4,0.2,13,17,18,2020-11-18,11
2020,Arizona Cardinals,6-3-0,2.5,10,NA,2.2,0.1,0.2,31,3,15,2020-11-18,11
2020,Minnesota Vikings,4-5-0,2,11,NA,2.1,0.4,-0.5,16,29,14,2020-11-18,11
2020,Buffalo Bills,7-3-0,1.8,12,NA,2,-0.1,-0.1,10,12,6,2020-11-18,11
2020,Las Vegas Raiders,6-3-0,1.2,13,3,3.7,-2.4,-0.1,3,25,13,2020-11-18,11
2020,Indianapolis Colts,6-3-0,1.2,14,NA,-0.9,2,0,30,19,8,2020-11-18,11
2020,Tennessee Titans,6-3-0,0.7,15,-2,3.7,-3,-0.1,29,18,16,2020-11-18,11
2020,New England Patriots,4-5-0,0.5,16,-1,-1,1.1,0.4,7,16,24,2020-11-18,11
2020,Miami Dolphins,6-3-0,-0.8,17,NA,-2.7,1.3,0.7,23,13,5,2020-11-18,11
2020,Atlanta Falcons,3-6-0,-0.9,18,NA,2.2,-3.2,0.1,24,1,9,2020-11-18,11
2020,Philadelphia Eagles,3-5-1,-1.4,19,1,-2.2,0.9,-0.1,25,6,26,2020-11-18,11
2020,Cleveland Browns,6-3-0,-2,20,1,0,-1.9,-0.1,26,26,17,2020-11-18,11
2020,Carolina Panthers,3-7-0,-2,21,-2,0.2,-1.9,-0.3,1,15,23,2020-11-18,11
2020,Houston Texans,2-7-0,-2.2,22,1,1.6,-3.9,0.1,5,30,27,2020-11-18,11
2020,Chicago Bears,5-5-0,-2.4,23,-1,-6.3,4.1,-0.2,9,23,25,2020-11-18,11
2020,Los Angeles Chargers,2-7-0,-2.6,24,1,-3.6,1.6,-0.6,8,14,19,2020-11-18,11
2020,Washington,2-7-0,-3.7,25,2,-3.8,0.1,0,28,20,30,2020-11-18,11
2020,Denver Broncos,3-6-0,-4,26,-2,-7.3,3.3,0,4,2,28,2020-11-18,11
2020,Cincinnati Bengals,2-6-1,-4.4,27,-1,-1.9,-2.9,0.3,20,24,22,2020-11-18,11
2020,New York Giants,3-7-0,-4.6,28,1,-2.8,-1.9,0.1,14,21,20,2020-11-18,11
2020,Detroit Lions,4-5-0,-4.8,29,-1,-0,-4.9,0.1,17,11,21,2020-11-18,11
2020,Dallas Cowboys,2-7-0,-7.8,30,NA,-5,-2.3,-0.5,19,22,29,2020-11-18,11
2020,Jacksonville Jaguars,1-8-0,-8.6,31,NA,-5.1,-3.8,0.3,22,5,31,2020-11-18,11
2020,New York Jets,0-9-0,-9,32,NA,-8.3,-1.3,0.6,6,7,32,2020-11-18,11
2020,Kansas City Chiefs,9-1-0,10.3,1,NA,10.2,0.3,-0.2,26,12,3,2020-11-25,12
2020,Tampa Bay Buccaneers,7-4-0,6.6,2,1,2.4,4.8,-0.5,6,18,12,2020-11-25,12
2020,Pittsburgh Steelers,10-0-0,6.1,3,4,0.3,5.9,-0.1,32,21,1,2020-11-25,12
2020,New Orleans Saints,8-2-0,5.9,4,NA,4.3,1.3,0.2,17,9,6,2020-11-25,12
2020,Baltimore Ravens,6-4-0,5.8,5,-3,1.7,3.6,0.5,16,32,2,2020-11-25,12
2020,Los Angeles Rams,7-3-0,5.1,6,2,1.2,4.2,-0.3,8,14,8,2020-11-25,12
2020,Green Bay Packers,7-3-0,4.5,7,-1,5.7,-0.8,-0.5,10,30,4,2020-11-25,12
2020,Seattle Seahawks,7-3-0,4.3,8,-3,5.6,-1.5,0.2,2,27,10,2020-11-25,12
2020,San Francisco 49ers,4-6-0,3.4,9,NA,1.8,1.4,0.2,13,15,17,2020-11-25,12
2020,Arizona Cardinals,6-4-0,2.4,10,NA,2.4,-0.2,0.2,29,3,19,2020-11-25,12
2020,Buffalo Bills,7-3-0,1.9,11,1,1.9,0.1,-0.1,9,13,5,2020-11-25,12
2020,Las Vegas Raiders,6-4-0,1.7,12,4,4.7,-2.9,-0.1,1,31,15,2020-11-25,12
2020,Minnesota Vikings,4-6-0,1.5,13,-2,2.3,-0.3,-0.5,22,25,16,2020-11-25,12
2020,Tennessee Titans,7-3-0,1.3,14,-1,4.4,-3,-0.1,27,28,18,2020-11-25,12
2020,Indianapolis Colts,7-3-0,0.9,15,-1,-1.1,2,0.1,30,19,9,2020-11-25,12
2020,New England Patriots,4-6-0,0.1,16,-1,-0.9,0.5,0.4,4,17,24,2020-11-25,12
2020,Philadelphia Eagles,3-6-1,-1.3,17,3,-2.5,1.4,-0.2,25,6,27,2020-11-25,12
2020,Miami Dolphins,6-4-0,-1.3,18,-1,-3.2,1.1,0.7,24,16,7,2020-11-25,12
2020,Atlanta Falcons,3-7-0,-1.4,19,-1,1.7,-3.2,0.1,23,1,11,2020-11-25,12
2020,Houston Texans,3-7-0,-1.6,20,3,2.3,-4.1,0.2,15,29,25,2020-11-25,12
2020,Carolina Panthers,4-7-0,-1.9,21,-2,-0.7,-1,-0.3,3,7,20,2020-11-25,12
2020,Cleveland Browns,7-3-0,-2,22,-1,-0.5,-1.4,-0.1,28,23,13,2020-11-25,12
2020,Chicago Bears,5-5-0,-2.4,23,-1,-6.1,3.9,-0.2,12,24,26,2020-11-25,12
2020,Los Angeles Chargers,3-7-0,-2.6,24,1,-2.9,0.9,-0.6,21,5,14,2020-11-25,12
2020,Denver Broncos,4-6-0,-3.2,25,-1,-7,3.8,0,5,2,28,2020-11-25,12
2020,Washington,3-7-0,-3.3,26,1,-3.8,0.5,-0,31,10,29,2020-11-25,12
2020,New York Giants,3-7-0,-4.4,27,2,-2.5,-2,0.1,7,22,21,2020-11-25,12
2020,Detroit Lions,4-6-0,-5.2,28,NA,-1.1,-4.3,0.1,18,8,22,2020-11-25,12
2020,Cincinnati Bengals,2-7-1,-5.8,29,-3,-3.4,-2.8,0.3,20,20,23,2020-11-25,12
2020,Dallas Cowboys,3-7-0,-7,30,NA,-4,-2.5,-0.5,14,26,30,2020-11-25,12
2020,New York Jets,0-10-0,-8.8,31,1,-7.6,-1.8,0.6,11,4,32,2020-11-25,12
2020,Jacksonville Jaguars,1-9-0,-9.2,32,-1,-5.7,-3.8,0.3,19,11,31,2020-11-25,12
2020,Kansas City Chiefs,10-1-0,10.4,1,NA,10.9,-0.3,-0.2,20,22,2,2020-12-02,13
2020,New Orleans Saints,9-2-0,6.8,2,1,4.6,1.9,0.3,19,4,6,2020-12-02,13
2020,Tampa Bay Buccaneers,7-5-0,6.6,3,-1,2.8,4.2,-0.5,4,27,15,2020-12-02,13
2020,Pittsburgh Steelers,10-0-0,6.1,4,1,0.5,5.7,-0.1,32,24,1,2020-12-02,13
2020,Green Bay Packers,8-3-0,5.2,5,1,7,-1.3,-0.5,10,30,3,2020-12-02,13
2020,Baltimore Ravens,6-4-0,5,6,-2,1,3.5,0.5,11,31,4,2020-12-02,13
2020,Los Angeles Rams,7-4-0,5,7,NA,0.4,4.8,-0.3,8,21,10,2020-12-02,13
2020,Seattle Seahawks,8-3-0,4.4,8,NA,5.7,-1.5,0.2,3,29,8,2020-12-02,13
2020,San Francisco 49ers,5-6-0,3.8,9,NA,1.4,2.2,0.2,6,17,14,2020-12-02,13
2020,Arizona Cardinals,6-5-0,2.5,10,NA,2.5,-0.1,0.1,27,12,18,2020-12-02,13
2020,Tennessee Titans,8-3-0,2.3,11,4,5.5,-3.2,0,26,28,12,2020-12-02,13
2020,Buffalo Bills,8-3-0,2,12,NA,2.1,0,-0.1,17,10,5,2020-12-02,13
2020,Minnesota Vikings,5-6-0,1.3,13,-2,2.2,-0.4,-0.5,21,18,16,2020-12-02,13
2020,Indianapolis Colts,7-4-0,0.2,14,NA,-1,1.1,0,29,19,13,2020-12-02,13
2020,Atlanta Falcons,4-7-0,0.1,15,3,1.4,-1.5,0.2,25,1,9,2020-12-02,13
2020,New England Patriots,5-6-0,0,16,NA,-1,0.5,0.5,9,20,25,2020-12-02,13
2020,Las Vegas Raiders,6-5-0,-0,17,-4,2.6,-2.6,-0.1,1,32,21,2020-12-02,13
2020,Houston Texans,4-7-0,-0.4,18,4,2.7,-3.3,0.2,13,25,24,2020-12-02,13
2020,Miami Dolphins,7-4-0,-1.2,19,-2,-3.3,1.4,0.7,28,9,7,2020-12-02,13
2020,Carolina Panthers,4-8-0,-1.3,20,1,0.1,-1,-0.3,2,11,19,2020-12-02,13
2020,Philadelphia Eagles,3-7-1,-1.4,21,-2,-2.6,1.4,-0.2,24,8,28,2020-12-02,13
2020,Cleveland Browns,8-3-0,-2.2,22,-2,0.2,-2.4,-0.1,30,16,11,2020-12-02,13
2020,Washington,4-7-0,-2.5,23,2,-3.4,0.9,-0,31,5,27,2020-12-02,13
2020,Chicago Bears,5-6-0,-2.6,24,-1,-5.3,2.9,-0.2,5,26,26,2020-12-02,13
2020,Los Angeles Chargers,3-8-0,-2.8,25,-1,-3,0.9,-0.6,15,14,17,2020-12-02,13
2020,Denver Broncos,4-7-0,-4.1,26,NA,-7.6,3.5,0,7,2,29,2020-12-02,13
2020,Cincinnati Bengals,2-8-1,-5.4,27,NA,-3.4,-2.4,0.4,23,13,22,2020-12-02,13
2020,New York Giants,4-7-0,-5.7,28,NA,-4.1,-1.6,0,12,15,20,2020-12-02,13
2020,Detroit Lions,4-7-0,-6.1,29,NA,-1.7,-4.5,0.1,18,3,23,2020-12-02,13
2020,Dallas Cowboys,3-8-0,-7.8,30,NA,-4.4,-2.9,-0.5,16,23,30,2020-12-02,13
2020,Jacksonville Jaguars,1-10-0,-8.7,31,NA,-4.8,-4.2,0.3,22,7,31,2020-12-02,13
2020,New York Jets,0-11-0,-9.3,32,NA,-8.2,-1.7,0.6,14,6,32,2020-12-02,13
2020,Kansas City Chiefs,11-1-0,10.1,1,NA,11.1,-0.8,-0.2,25,11,4,2020-12-09,14
2020,New Orleans Saints,10-2-0,7,2,NA,4.5,2.3,0.2,18,10,5,2020-12-09,14
2020,Tampa Bay Buccaneers,7-5-0,6.6,3,NA,2.9,4.3,-0.5,4,28,13,2020-12-09,14
2020,Baltimore Ravens,7-5-0,5.9,4,1,2.1,3.3,0.4,12,32,6,2020-12-09,14
2020,Pittsburgh Steelers,11-1-0,5.9,5,-1,-0.1,6.2,-0.2,32,16,1,2020-12-09,14
2020,Green Bay Packers,9-3-0,5.9,6,NA,7.6,-1.2,-0.6,17,29,2,2020-12-09,14
2020,Los Angeles Rams,8-4-0,5.8,7,NA,1.1,5,-0.4,6,25,10,2020-12-09,14
2020,San Francisco 49ers,5-7-0,3.5,8,1,1.7,1.6,0.2,3,22,16,2020-12-09,14
2020,Seattle Seahawks,8-4-0,3.2,9,-1,4.5,-1.5,0.2,11,15,9,2020-12-09,14
2020,Buffalo Bills,9-3-0,2.6,10,2,2.7,-0.1,-0,15,9,3,2020-12-09,14
2020,Arizona Cardinals,6-6-0,1.9,11,-1,2.4,-0.7,0.2,24,19,20,2020-12-09,14
2020,Tennessee Titans,8-4-0,1.8,12,-1,5.5,-3.7,0,26,26,17,2020-12-09,14
2020,New England Patriots,6-6-0,1.7,13,3,-0.6,1.7,0.6,10,13,22,2020-12-09,14
2020,Indianapolis Colts,8-4-0,0.5,14,NA,-0.8,1.3,0,28,23,12,2020-12-09,14
2020,Minnesota Vikings,6-6-0,0.3,15,-2,1.1,-0.2,-0.6,27,5,14,2020-12-09,14
2020,Atlanta Falcons,4-8-0,0,16,-1,1,-1.2,0.3,23,1,11,2020-12-09,14
2020,Las Vegas Raiders,7-5-0,-0.3,17,NA,2.8,-3.1,-0,2,31,19,2020-12-09,14
2020,Houston Texans,4-8-0,-0.5,18,NA,2.8,-3.5,0.2,13,27,25,2020-12-09,14
2020,Miami Dolphins,8-4-0,-1.2,19,NA,-3.4,1.5,0.7,31,2,7,2020-12-09,14
2020,Cleveland Browns,9-3-0,-1.3,20,2,1,-2.2,-0,29,18,8,2020-12-09,14
2020,Carolina Panthers,4-8-0,-1.5,21,-1,-0,-1.2,-0.3,5,6,18,2020-12-09,14
2020,Washington,5-7-0,-1.7,22,1,-3.4,1.6,0.1,30,20,27,2020-12-09,14
2020,Chicago Bears,5-7-0,-2.8,23,1,-4.7,2.1,-0.2,9,21,26,2020-12-09,14
2020,Denver Broncos,4-8-0,-3.5,24,2,-6.8,3.2,0,1,17,28,2020-12-09,14
2020,New York Giants,5-7-0,-3.7,25,3,-3.3,-0.5,0,7,24,15,2020-12-09,14
2020,Los Angeles Chargers,3-9-0,-4.2,26,-1,-4.1,0.6,-0.7,16,8,21,2020-12-09,14
2020,Cincinnati Bengals,2-9-1,-5.3,27,NA,-3.4,-2.4,0.4,22,12,23,2020-12-09,14
2020,Detroit Lions,5-7-0,-5.4,28,1,-0.6,-4.9,0.1,21,4,24,2020-12-09,14
2020,Philadelphia Eagles,3-8-1,-5.8,29,-8,-6.6,1,-0.1,14,14,29,2020-12-09,14
2020,Dallas Cowboys,3-9-0,-7.9,30,NA,-3.8,-3.5,-0.7,8,30,30,2020-12-09,14
2020,Jacksonville Jaguars,1-11-0,-8.7,31,NA,-5.6,-3.3,0.3,20,7,31,2020-12-09,14
2020,New York Jets,0-12-0,-8.8,32,NA,-7.6,-1.7,0.5,19,3,32,2020-12-09,14
2020,Kansas City Chiefs,12-1-0,9.5,1,NA,10.3,-0.8,-0.1,26,15,4,2020-12-16,15
2020,New Orleans Saints,10-3-0,6.6,2,NA,4.3,2.1,0.2,19,8,6,2020-12-16,15
2020,Los Angeles Rams,9-4-0,6.5,3,4,1.3,5.6,-0.4,4,25,7,2020-12-16,15
2020,Tampa Bay Buccaneers,8-5-0,6.2,4,-1,3.1,3.7,-0.5,7,23,14,2020-12-16,15
2020,Baltimore Ravens,8-5-0,5.8,5,-1,3.2,2.1,0.5,11,32,5,2020-12-16,15
2020,Green Bay Packers,10-3-0,5.8,6,NA,7.8,-1.5,-0.6,17,18,1,2020-12-16,15
2020,Pittsburgh Steelers,11-2-0,5.5,7,-2,-0.8,6.4,-0.2,32,20,2,2020-12-16,15
2020,Seattle Seahawks,9-4-0,4.2,8,1,5.2,-1.2,0.2,20,3,8,2020-12-16,15
2020,San Francisco 49ers,5-8-0,2.9,9,-1,0.5,2.3,0.2,2,11,17,2020-12-16,15
2020,Buffalo Bills,10-3-0,2.8,10,NA,2.6,0.2,0,16,17,3,2020-12-16,15
2020,Arizona Cardinals,7-6-0,2.3,11,NA,2.2,-0.1,0.3,22,12,15,2020-12-16,15
2020,Tennessee Titans,9-4-0,2.1,12,NA,5.3,-3.2,0.1,31,14,13,2020-12-16,15
2020,Indianapolis Colts,9-4-0,1.2,13,1,-0.1,1.3,0.1,28,28,11,2020-12-16,15
2020,New England Patriots,6-7-0,0.8,14,-1,-1.6,1.8,0.6,6,29,23,2020-12-16,15
2020,Minnesota Vikings,6-7-0,0.7,15,NA,1.8,-0.4,-0.7,18,13,16,2020-12-16,15
2020,Atlanta Falcons,4-9-0,0.1,16,NA,1,-1.1,0.3,23,1,12,2020-12-16,15
2020,Cleveland Browns,9-4-0,-0.9,17,3,2.4,-3.2,-0.1,30,27,10,2020-12-16,15
2020,Miami Dolphins,8-5-0,-1.1,18,1,-3.5,1.8,0.6,29,10,9,2020-12-16,15
2020,Las Vegas Raiders,7-6-0,-1.2,19,-2,2.7,-3.9,-0,3,31,18,2020-12-16,15
2020,Chicago Bears,6-7-0,-1.5,20,3,-4.2,2.8,-0.1,13,16,22,2020-12-16,15
2020,Carolina Panthers,4-9-0,-1.8,21,NA,0.2,-1.6,-0.3,10,2,19,2020-12-16,15
2020,Washington,6-7-0,-1.8,22,NA,-4.7,2.8,0.1,27,26,27,2020-12-16,15
2020,Houston Texans,4-9-0,-1.9,23,-5,1.9,-3.9,0.1,14,22,26,2020-12-16,15
2020,Denver Broncos,5-8-0,-3.1,24,NA,-6.1,2.9,0.1,1,24,28,2020-12-16,15
2020,New York Giants,5-8-0,-3.2,25,NA,-3.1,-0.1,-0,5,21,20,2020-12-16,15
2020,Los Angeles Chargers,4-9-0,-4.6,26,NA,-4.2,0.3,-0.7,24,9,21,2020-12-16,15
2020,Detroit Lions,5-8-0,-5.1,27,1,-0.1,-5.1,0.1,15,6,25,2020-12-16,15
2020,Cincinnati Bengals,2-10-1,-5.5,28,-1,-3.4,-2.6,0.4,25,4,24,2020-12-16,15
2020,Philadelphia Eagles,4-8-1,-5.6,29,NA,-6.5,1,-0.1,9,19,29,2020-12-16,15
2020,Dallas Cowboys,4-9-0,-6.8,30,NA,-3.5,-2.8,-0.6,8,30,30,2020-12-16,15
2020,Jacksonville Jaguars,1-12-0,-8.9,31,NA,-5.9,-3.3,0.2,21,7,31,2020-12-16,15
2020,New York Jets,0-13-0,-10,32,NA,-8.2,-2.3,0.5,12,5,32,2020-12-16,15
2020,Kansas City Chiefs,13-1-0,9.4,1,NA,9.8,-0.3,-0.1,20,30,3,2020-12-23,16
2020,New Orleans Saints,10-4-0,6.9,2,NA,4.1,2.6,0.2,17,19,10,2020-12-23,16
2020,Baltimore Ravens,9-5-0,6.7,3,2,4,2.2,0.5,19,31,4,2020-12-23,16
2020,Tampa Bay Buccaneers,9-5-0,6.2,4,NA,3.2,3.5,-0.5,8,26,15,2020-12-23,16
2020,Los Angeles Rams,9-5-0,5.7,5,-2,0.7,5.4,-0.4,15,3,11,2020-12-23,16
2020,Green Bay Packers,11-3-0,5.5,6,NA,7.3,-1.2,-0.5,25,14,1,2020-12-23,16
2020,Pittsburgh Steelers,11-3-0,4.6,7,NA,-1.7,6.5,-0.2,31,13,5,2020-12-23,16
2020,Seattle Seahawks,10-4-0,4.3,8,NA,5.2,-1.1,0.2,18,9,6,2020-12-23,16
2020,Buffalo Bills,11-3-0,4.1,9,1,3.7,0.4,-0,16,17,2,2020-12-23,16
2020,Tennessee Titans,10-4-0,2.7,10,2,5.8,-3.2,0.1,32,5,13,2020-12-23,16
2020,Arizona Cardinals,8-6-0,1.9,11,NA,1.8,-0.2,0.4,26,8,14,2020-12-23,16
2020,Indianapolis Colts,10-4-0,1.4,12,1,0.1,1.3,0.1,30,23,9,2020-12-23,16
2020,Minnesota Vikings,6-8-0,0.5,13,2,1.9,-0.7,-0.7,24,12,19,2020-12-23,16
2020,New England Patriots,6-8-0,0.3,14,NA,-1.7,1.4,0.7,3,25,24,2020-12-23,16
2020,Atlanta Falcons,4-10-0,0.1,15,1,1.1,-1.3,0.3,21,1,12,2020-12-23,16
2020,San Francisco 49ers,5-9-0,0,16,-7,-2.2,2.1,0.1,5,2,18,2020-12-23,16
2020,Cleveland Browns,10-4-0,-0.1,17,NA,2.9,-2.9,-0.1,28,21,8,2020-12-23,16
2020,Miami Dolphins,9-5-0,-0.5,18,NA,-2.9,1.9,0.6,29,4,7,2020-12-23,16
2020,Chicago Bears,7-7-0,-1.2,19,1,-3.8,2.6,-0,11,20,20,2020-12-23,16
2020,Las Vegas Raiders,7-7-0,-1.3,20,-1,3.2,-4.4,-0.1,6,27,17,2020-12-23,16
2020,Washington,6-8-0,-1.7,21,1,-4.6,2.8,0.1,27,28,29,2020-12-23,16
2020,Carolina Panthers,4-10-0,-1.8,22,-1,-0.1,-1.3,-0.4,4,7,22,2020-12-23,16
2020,Houston Texans,4-10-0,-1.8,23,NA,2.1,-4.1,0.1,10,24,27,2020-12-23,16
2020,New York Giants,5-9-0,-3.6,24,1,-3.2,-0.4,-0,9,18,21,2020-12-23,16
2020,Denver Broncos,5-9-0,-4,25,-1,-6.2,2.1,0,1,22,30,2020-12-23,16
2020,Los Angeles Chargers,5-9-0,-4.2,26,NA,-3.6,0.2,-0.8,22,10,16,2020-12-23,16
2020,Cincinnati Bengals,3-10-1,-4.5,27,1,-3.3,-1.5,0.4,23,6,23,2020-12-23,16
2020,Philadelphia Eagles,4-9-1,-5.1,28,1,-6.2,1.3,-0.2,7,29,28,2020-12-23,16
2020,Detroit Lions,5-9-0,-5.5,29,-2,-0,-5.6,0.1,12,11,25,2020-12-23,16
2020,Dallas Cowboys,5-9-0,-6.6,30,NA,-3.3,-2.8,-0.5,13,32,26,2020-12-23,16
2020,New York Jets,1-13-0,-8.9,31,1,-7.8,-1.6,0.5,2,16,31,2020-12-23,16
2020,Jacksonville Jaguars,1-13-0,-9.6,32,-1,-6.2,-3.6,0.2,14,15,32,2020-12-23,16
2020,Kansas City Chiefs,14-1-0,9.4,1,NA,9.6,-0.1,-0.1,18,28,4,2020-12-30,17
2020,Tampa Bay Buccaneers,10-5-0,8.1,2,2,4.5,4.2,-0.6,10,18,13,2020-12-30,17
2020,New Orleans Saints,11-4-0,7.9,3,-1,5.5,2.2,0.2,15,16,7,2020-12-30,17
2020,Baltimore Ravens,10-5-0,7,4,1,4.4,2.2,0.4,27,21,3,2020-12-30,17
2020,Green Bay Packers,12-3-0,6.5,5,1,7.8,-0.7,-0.5,24,11,1,2020-12-30,17
2020,Buffalo Bills,12-3-0,5.5,6,4,5,0.5,-0,14,20,2,2020-12-30,17
2020,Seattle Seahawks,11-4-0,5.2,7,1,5.2,-0.3,0.3,16,10,5,2020-12-30,17
2020,Los Angeles Rams,9-6-0,2.4,8,-5,-2.9,5.7,-0.3,9,22,11,2020-12-30,17
2020,Pittsburgh Steelers,12-3-0,2.1,9,-2,-4.1,6.4,-0.2,32,15,6,2020-12-30,17
2020,Tennessee Titans,10-5-0,2,10,2,5.4,-3.4,0.1,29,19,14,2020-12-30,17
2020,Indianapolis Colts,10-5-0,1.5,11,2,0.3,1,0.1,28,32,8,2020-12-30,17
2020,San Francisco 49ers,6-9-0,1.2,12,-3,-1.6,2.9,-0,4,7,17,2020-12-30,17
2020,Atlanta Falcons,4-11-0,1.1,13,3,1.3,-0.5,0.3,7,2,10,2020-12-30,17
2020,Minnesota Vikings,6-9-0,0.6,14,1,2.8,-1.5,-0.7,13,30,22,2020-12-30,17
2020,Chicago Bears,8-7-0,0.1,15,5,-2.6,2.7,-0,20,6,19,2020-12-30,17
2020,Miami Dolphins,10-5-0,-0.3,16,2,-2.8,1.9,0.6,26,4,9,2020-12-30,17
2020,New England Patriots,6-9-0,-0.3,17,-3,-1.6,0.6,0.7,2,31,24,2020-12-30,17
2020,Cleveland Browns,10-5-0,-0.9,18,-1,2,-2.7,-0.1,31,12,12,2020-12-30,17
2020,Arizona Cardinals,8-7-0,-1.1,19,-8,-1,-0.4,0.4,25,8,15,2020-12-30,17
2020,Las Vegas Raiders,7-8-0,-1.1,20,-1,3.2,-4.2,-0.1,11,25,18,2020-12-30,17
2020,Carolina Panthers,5-10-0,-1.1,21,NA,-0.1,-0.8,-0.3,5,3,20,2020-12-30,17
2020,Washington,6-9-0,-1.9,22,NA,-4.9,3,0.1,30,27,29,2020-12-30,17
2020,Houston Texans,4-11-0,-2.3,23,NA,2.6,-5,0.1,21,13,26,2020-12-30,17
2020,Cincinnati Bengals,4-10-1,-2.9,24,4,-1.3,-1.9,0.3,23,5,21,2020-12-30,17
2020,Denver Broncos,5-10-0,-3.3,25,-1,-5.6,2.2,0,1,24,30,2020-12-30,17
2020,New York Giants,5-10-0,-3.7,26,-1,-3,-0.7,-0,3,29,23,2020-12-30,17
2020,Los Angeles Chargers,6-9-0,-4,27,-1,-3.4,0.2,-0.7,22,1,16,2020-12-30,17
2020,Dallas Cowboys,6-9-0,-5.2,28,2,-2.2,-2.6,-0.5,19,23,25,2020-12-30,17
2020,Philadelphia Eagles,4-10-1,-5.8,29,NA,-6.2,0.6,-0.2,12,26,28,2020-12-30,17
2020,New York Jets,2-13-0,-7.8,30,2,-7.5,-0.8,0.4,6,14,31,2020-12-30,17
2020,Detroit Lions,5-10-0,-8.8,31,-4,-2.6,-6.3,0.1,8,17,27,2020-12-30,17
2020,Jacksonville Jaguars,1-14-0,-10.2,32,-1,-6.2,-4.2,0.2,17,9,32,2020-12-30,17
2020,Kansas City Chiefs,14-2-0,8.6,1,NA,9.5,-0.8,-0.1,24,NA,4,2021-01-06,18
2020,New Orleans Saints,12-4-0,8.2,2,NA,5.1,3,0.2,16,NA,6,2021-01-06,18
2020,Tampa Bay Buccaneers,11-5-0,8.1,3,1,4.8,3.9,-0.6,12,NA,11,2021-01-06,18
2020,Baltimore Ravens,11-5-0,7.7,4,-1,4.7,2.6,0.4,27,NA,3,2021-01-06,18
2020,Green Bay Packers,13-3-0,7.1,5,1,7.9,-0.2,-0.6,26,NA,1,2021-01-06,18
2020,Buffalo Bills,13-3-0,6.2,6,3,5.1,1.1,0,20,NA,2,2021-01-06,18
2020,Seattle Seahawks,12-4-0,5,7,1,5.1,-0.3,0.3,17,NA,5,2021-01-06,18
2020,Pittsburgh Steelers,12-4-0,4.3,8,-1,-1.6,6.1,-0.2,29,NA,8,2021-01-06,18
2020,Los Angeles Rams,10-6-0,3.4,9,-4,-2.2,6,-0.3,7,NA,10,2021-01-06,18
2020,Tennessee Titans,11-5-0,2,10,NA,5.4,-3.5,0.1,28,NA,14,2021-01-06,18
2020,Indianapolis Colts,11-5-0,1.4,11,1,-0,1.4,0,32,NA,7,2021-01-06,18
2020,San Francisco 49ers,6-10-0,1.3,12,4,-1.4,2.8,-0,2,NA,17,2021-01-06,18
2020,Arizona Cardinals,8-8-0,1.2,13,-2,0.8,0,0.4,25,NA,16,2021-01-06,18
2020,Atlanta Falcons,4-12-0,0.7,14,1,1.4,-1,0.3,3,NA,13,2021-01-06,18
2020,Minnesota Vikings,7-9-0,0.2,15,-2,2.8,-1.9,-0.7,18,NA,21,2021-01-06,18
2020,New England Patriots,7-9-0,-0.3,16,-2,-1.4,0.4,0.7,6,NA,24,2021-01-06,18
2020,Cleveland Browns,11-5-0,-0.9,17,NA,2.1,-2.9,-0.1,30,NA,9,2021-01-06,18
2020,Chicago Bears,8-8-0,-0.9,18,1,-3.3,2.4,-0,13,NA,19,2021-01-06,18
2020,Las Vegas Raiders,8-8-0,-1.3,19,1,2.8,-4.1,-0.1,9,NA,18,2021-01-06,18
2020,Washington,7-9-0,-1.5,20,1,-4.9,3.3,0.1,31,NA,27,2021-01-06,18
2020,Miami Dolphins,10-6-0,-1.7,21,-3,-3.8,1.5,0.6,23,NA,12,2021-01-06,18
2020,Carolina Panthers,5-11-0,-2.2,22,NA,-1.2,-0.7,-0.3,1,NA,20,2021-01-06,18
2020,Houston Texans,4-12-0,-2.5,23,NA,2.5,-5.2,0.2,21,NA,26,2021-01-06,18
2020,Denver Broncos,5-11-0,-3.6,24,1,-5.9,2.4,-0.1,4,NA,30,2021-01-06,18
2020,New York Giants,6-10-0,-3.7,25,-1,-3.4,-0.3,-0,10,NA,22,2021-01-06,18
2020,Los Angeles Chargers,7-9-0,-3.7,26,NA,-2.9,-0,-0.7,15,NA,15,2021-01-06,18
2020,Cincinnati Bengals,4-11-1,-4.9,27,NA,-2.8,-2.4,0.3,22,NA,23,2021-01-06,18
2020,Dallas Cowboys,6-10-0,-5.8,28,2,-2.8,-2.6,-0.4,19,NA,25,2021-01-06,18
2020,Philadelphia Eagles,4-11-1,-6.1,29,-1,-6.7,0.8,-0.2,11,NA,29,2021-01-06,18
2020,Detroit Lions,5-11-0,-6.8,30,-1,-0.4,-6.5,0.1,8,NA,28,2021-01-06,18
2020,New York Jets,2-14-0,-8.2,31,NA,-7.5,-1.1,0.4,5,NA,31,2021-01-06,18
2020,Jacksonville Jaguars,1-15-0,-11.5,32,NA,-7.6,-4.1,0.2,14,NA,32,2021-01-06,18
2020,Kansas City Chiefs,14-2-0,8.5,1,NA,9.4,-0.8,-0.1,24,NA,4,2021-01-15,19
2020,New Orleans Saints,13-4-0,8.2,2,NA,4.9,3.1,0.2,18,NA,5,2021-01-15,19
2020,Tampa Bay Buccaneers,12-5-0,8.1,3,NA,5.1,3.5,-0.6,12,NA,10,2021-01-15,19
2020,Baltimore Ravens,12-5-0,7.8,4,NA,4.5,2.9,0.4,27,NA,3,2021-01-15,19
2020,Green Bay Packers,13-3-0,7.1,5,NA,7.8,-0.2,-0.6,26,NA,1,2021-01-15,19
2020,Buffalo Bills,14-3-0,6,6,NA,5.3,0.6,0.1,22,NA,2,2021-01-15,19
2020,Los Angeles Rams,11-6-0,5.2,7,2,-1.1,6.6,-0.3,6,NA,9,2021-01-15,19
2020,Seattle Seahawks,12-5-0,4.7,8,-1,4.4,-0.1,0.3,17,NA,7,2021-01-15,19
2020,Pittsburgh Steelers,12-5-0,3.6,9,-1,-1.8,5.6,-0.2,32,NA,12,2021-01-15,19
2020,Tennessee Titans,11-6-0,1.8,10,NA,5.1,-3.4,0.1,28,NA,14,2021-01-15,19
2020,Indianapolis Colts,11-6-0,1.6,11,NA,0.5,1.1,0,29,NA,8,2021-01-15,19
2020,San Francisco 49ers,6-10-0,1.3,12,NA,-1.4,2.7,-0,2,NA,17,2021-01-15,19
2020,Arizona Cardinals,8-8-0,1.1,13,NA,0.8,-0,0.4,25,NA,16,2021-01-15,19
2020,Atlanta Falcons,4-12-0,0.6,14,NA,1.4,-1,0.3,3,NA,13,2021-01-15,19
2020,Minnesota Vikings,7-9-0,0.2,15,NA,2.8,-1.9,-0.8,16,NA,20,2021-01-15,19
2020,Cleveland Browns,12-5-0,-0.1,16,1,2.7,-2.7,-0.1,31,NA,6,2021-01-15,19
2020,New England Patriots,7-9-0,-0.4,17,-1,-1.4,0.4,0.7,8,NA,24,2021-01-15,19
2020,Chicago Bears,8-9-0,-1,18,NA,-3.5,2.4,0,7,NA,21,2021-01-15,19
2020,Las Vegas Raiders,8-8-0,-1.4,19,NA,2.7,-4.1,-0.1,10,NA,18,2021-01-15,19
2020,Washington,7-10-0,-1.6,20,NA,-4.7,3,0.1,30,NA,30,2021-01-15,19
2020,Miami Dolphins,10-6-0,-1.8,21,NA,-3.9,1.5,0.6,23,NA,11,2021-01-15,19
2020,Carolina Panthers,5-11-0,-2.3,22,NA,-1.3,-0.6,-0.3,1,NA,19,2021-01-15,19
2020,Houston Texans,4-12-0,-2.5,23,NA,2.4,-5.2,0.2,19,NA,26,2021-01-15,19
2020,Denver Broncos,5-11-0,-3.7,24,NA,-6,2.4,-0.1,4,NA,29,2021-01-15,19
2020,New York Giants,6-10-0,-3.8,25,NA,-3.5,-0.3,-0,11,NA,22,2021-01-15,19
2020,Los Angeles Chargers,7-9-0,-3.8,26,NA,-3,-0,-0.7,15,NA,15,2021-01-15,19
2020,Cincinnati Bengals,4-11-1,-4.9,27,NA,-2.9,-2.4,0.3,21,NA,23,2021-01-15,19
2020,Dallas Cowboys,6-10-0,-5.8,28,NA,-2.8,-2.5,-0.4,20,NA,25,2021-01-15,19
2020,Philadelphia Eagles,4-11-1,-6.1,29,NA,-6.7,0.8,-0.3,13,NA,28,2021-01-15,19
2020,Detroit Lions,5-11-0,-6.9,30,NA,-0.5,-6.5,0.1,9,NA,27,2021-01-15,19
2020,New York Jets,2-14-0,-8.2,31,NA,-7.6,-1,0.4,5,NA,31,2021-01-15,19
2020,Jacksonville Jaguars,1-15-0,-11.5,32,NA,-7.7,-4.1,0.2,14,NA,32,2021-01-15,19
2020,Tampa Bay Buccaneers,13-5-0,8.6,1,2,5.2,4,-0.6,7,NA,9,2021-01-20,20
2020,New Orleans Saints,13-5-0,8,2,NA,4.6,3.2,0.2,14,NA,5,2021-01-20,20
2020,Green Bay Packers,14-3-0,7.7,3,2,8.6,-0.3,-0.6,26,NA,1,2021-01-20,20
2020,Baltimore Ravens,12-6-0,7.2,4,NA,3.7,3.1,0.4,21,NA,3,2021-01-20,20
2020,Buffalo Bills,15-3-0,6.5,5,1,5.2,1.3,0,19,NA,2,2021-01-20,20
2020,Los Angeles Rams,11-7-0,5,6,1,-0.8,6,-0.3,1,NA,10,2021-01-20,20
2020,Seattle Seahawks,12-5-0,4.8,7,1,4.6,-0.1,0.3,18,NA,6,2021-01-20,20
2020,Kansas City Chiefs,15-2-0,3.8,8,-7,4.7,-0.8,-0.1,28,NA,4,2021-01-20,20
2020,Pittsburgh Steelers,12-5-0,3.7,9,NA,-1.6,5.5,-0.2,32,NA,12,2021-01-20,20
2020,Tennessee Titans,11-6-0,1.9,10,NA,5.3,-3.4,0.1,29,NA,14,2021-01-20,20
2020,Indianapolis Colts,11-6-0,1.8,11,NA,0.7,1.1,0,30,NA,7,2021-01-20,20
2020,San Francisco 49ers,6-10-0,1.4,12,NA,-1.3,2.7,-0,4,NA,17,2021-01-20,20
2020,Arizona Cardinals,8-8-0,1.3,13,NA,0.9,-0,0.4,27,NA,16,2021-01-20,20
2020,Atlanta Falcons,4-12-0,0.8,14,NA,1.6,-1.1,0.3,3,NA,13,2021-01-20,20
2020,Minnesota Vikings,7-9-0,0.4,15,NA,3,-1.9,-0.7,16,NA,20,2021-01-20,20
2020,Cleveland Browns,12-6-0,0.1,16,NA,2.8,-2.6,-0.1,25,NA,8,2021-01-20,20
2020,New England Patriots,7-9-0,-0.2,17,NA,-1.2,0.3,0.7,10,NA,24,2021-01-20,20
2020,Chicago Bears,8-9-0,-0.9,18,NA,-3.3,2.4,0,8,NA,21,2021-01-20,20
2020,Las Vegas Raiders,8-8-0,-1.2,19,NA,3,-4.1,-0.1,11,NA,18,2021-01-20,20
2020,Washington,7-10-0,-1.4,20,NA,-4.5,3,0.1,31,NA,30,2021-01-20,20
2020,Miami Dolphins,10-6-0,-1.6,21,NA,-3.6,1.5,0.6,24,NA,11,2021-01-20,20
2020,Carolina Panthers,5-11-0,-2.1,22,NA,-1.1,-0.7,-0.3,2,NA,19,2021-01-20,20
2020,Houston Texans,4-12-0,-2.4,23,NA,2.6,-5.2,0.2,20,NA,26,2021-01-20,20
2020,Denver Broncos,5-11-0,-3.5,24,NA,-5.8,2.4,-0.1,5,NA,29,2021-01-20,20
2020,Los Angeles Chargers,7-9-0,-3.6,25,1,-2.8,-0.1,-0.7,17,NA,15,2021-01-20,20
2020,New York Giants,6-10-0,-3.6,26,-1,-3.3,-0.3,-0,12,NA,22,2021-01-20,20
2020,Cincinnati Bengals,4-11-1,-4.8,27,NA,-2.7,-2.5,0.3,23,NA,23,2021-01-20,20
2020,Dallas Cowboys,6-10-0,-5.6,28,NA,-2.7,-2.6,-0.4,22,NA,25,2021-01-20,20
2020,Philadelphia Eagles,4-11-1,-6,29,NA,-6.5,0.8,-0.2,13,NA,28,2021-01-20,20
2020,Detroit Lions,5-11-0,-6.7,30,NA,-0.3,-6.5,0.1,9,NA,27,2021-01-20,20
2020,New York Jets,2-14-0,-8,31,NA,-7.4,-1.1,0.4,6,NA,31,2021-01-20,20
2020,Jacksonville Jaguars,1-15-0,-11.3,32,NA,-7.5,-4.1,0.2,15,NA,32,2021-01-20,20
2020,Kansas City Chiefs,16-2-0,9.4,1,NA,10,-0.5,-0.1,26,NA,4,2021-01-28,21
2020,Tampa Bay Buccaneers,14-5-0,8.7,2,1,5.1,4.1,-0.5,3,NA,8,2021-01-28,21
2020,New Orleans Saints,13-5-0,7.9,3,-1,4.5,3.3,0.2,15,NA,5,2021-01-28,21
2020,Green Bay Packers,14-4-0,7.4,4,1,8.4,-0.4,-0.6,21,NA,1,2021-01-28,21
2020,Baltimore Ravens,12-6-0,7.1,5,-1,3.6,3.1,0.4,22,NA,3,2021-01-28,21
2020,Buffalo Bills,15-4-0,5.6,6,NA,4.7,0.9,0.1,13,NA,2,2021-01-28,21
2020,Los Angeles Rams,11-7-0,4.7,7,NA,-0.9,6,-0.3,2,NA,10,2021-01-28,21
2020,Seattle Seahawks,12-5-0,4.6,8,NA,4.4,-0.1,0.3,19,NA,6,2021-01-28,21
2020,Pittsburgh Steelers,12-5-0,3.5,9,NA,-1.8,5.5,-0.2,32,NA,12,2021-01-28,21
2020,Tennessee Titans,11-6-0,1.7,10,NA,5.1,-3.5,0.1,29,NA,14,2021-01-28,21
2020,Indianapolis Colts,11-6-0,1.6,11,NA,0.5,1.1,0,30,NA,7,2021-01-28,21
2020,San Francisco 49ers,6-10-0,1.2,12,NA,-1.5,2.7,-0,6,NA,17,2021-01-28,21
2020,Arizona Cardinals,8-8-0,1.1,13,NA,0.7,-0.1,0.4,28,NA,16,2021-01-28,21
2020,Atlanta Falcons,4-12-0,0.7,14,NA,1.5,-1,0.3,4,NA,13,2021-01-28,21
2020,Minnesota Vikings,7-9-0,0.2,15,NA,2.8,-1.9,-0.7,18,NA,20,2021-01-28,21
2020,Cleveland Browns,12-6-0,-0.1,16,NA,2.6,-2.6,-0.1,27,NA,9,2021-01-28,21
2020,New England Patriots,7-9-0,-0.4,17,NA,-1.4,0.3,0.7,11,NA,24,2021-01-28,21
2020,Chicago Bears,8-9-0,-1.1,18,NA,-3.5,2.4,0,8,NA,21,2021-01-28,21
2020,Las Vegas Raiders,8-8-0,-1.3,19,NA,2.8,-4.1,-0.1,9,NA,18,2021-01-28,21
2020,Washington,7-10-0,-1.6,20,NA,-4.7,3,0.1,31,NA,30,2021-01-28,21
2020,Miami Dolphins,10-6-0,-1.8,21,NA,-3.8,1.5,0.6,25,NA,11,2021-01-28,21
2020,Carolina Panthers,5-11-0,-2.2,22,NA,-1.2,-0.6,-0.3,1,NA,19,2021-01-28,21
2020,Houston Texans,4-12-0,-2.5,23,NA,2.4,-5.2,0.2,20,NA,26,2021-01-28,21
2020,Denver Broncos,5-11-0,-3.6,24,NA,-5.9,2.4,-0.1,5,NA,29,2021-01-28,21
2020,Los Angeles Chargers,7-9-0,-3.6,25,1,-2.9,-0,-0.7,17,NA,15,2021-01-28,21
2020,New York Giants,6-10-0,-3.8,26,-1,-3.4,-0.3,-0,12,NA,22,2021-01-28,21
2020,Cincinnati Bengals,4-11-1,-5,27,NA,-2.8,-2.5,0.3,24,NA,23,2021-01-28,21
2020,Dallas Cowboys,6-10-0,-5.8,28,NA,-2.8,-2.6,-0.4,23,NA,25,2021-01-28,21
2020,Philadelphia Eagles,4-11-1,-6.2,29,NA,-6.7,0.8,-0.2,14,NA,28,2021-01-28,21
2020,Detroit Lions,5-11-0,-6.8,30,NA,-0.5,-6.5,0.1,10,NA,27,2021-01-28,21
2020,New York Jets,2-14-0,-8.2,31,NA,-7.6,-1.1,0.4,7,NA,31,2021-01-28,21
2020,Jacksonville Jaguars,1-15-0,-11.5,32,NA,-7.7,-4.1,0.2,16,NA,32,2021-01-28,21
