season,team,w_l,eff_ove,rnk_ove,eff_off,rnk_off,eff_def,rnk_def,eff_spe,rnk_spe
2015,Carolina Panthers,17-2-0,74.5,1,66.6,3,73.5,2,47.1,23
2015,Kansas City Chiefs,12-6-0,68,2,55.3,10,69.2,3,58.1,2
2015,Arizona Cardinals,14-4-0,67.5,3,72.5,1,60.5,9,34.3,32
2015,New England Patriots,13-5-0,67.4,4,63.5,4,60.6,8,57.7,4
2015,Cincinnati Bengals,12-5-0,66.7,5,62.8,5,62,6,53.3,14
2015,Seattle Seahawks,11-7-0,63.4,6,60.8,6,58.6,12,53.4,13
2015,Denver Broncos,15-4-0,60.3,7,35.3,29,75.3,1,58,3
2015,Minnesota Vikings,11-6-0,60,8,52.9,13,61.2,7,53.4,11
2015,Pittsburgh Steelers,11-7-0,59.1,9,56.9,8,60,11,43.3,28
2015,New York Jets,10-6-0,57.5,10,52.5,14,65.5,4,35.6,30
2015,Green Bay Packers,11-7-0,57.1,11,55.4,9,54.7,13,50.3,17
2015,Washington Redskins,9-8-0,50.7,12,54.9,11,46.6,17,48.1,20
2015,New York Giants,6-10-0,49.9,13,59,7,38.4,29,57.2,6
2015,Houston Texans,9-8-0,49.7,14,41.3,22,62.4,5,41.1,29
2015,Buffalo Bills,8-8-0,49.5,15,51.8,15,48.2,16,49,19
2015,Atlanta Falcons,8-8-0,49.2,16,53,12,46.1,18,46.2,25
2015,St. Louis Rams,7-9-0,46.2,17,31.2,32,60.3,10,53.4,12
2015,Detroit Lions,7-9-0,45.3,18,50.4,17,39.8,26,55.6,8
2015,New Orleans Saints,7-9-0,45,19,68.2,2,22.1,32,53.6,10
2015,Oakland Raiders,7-9-0,44.9,20,44.8,19,48.4,15,47.7,21
2015,Philadelphia Eagles,7-9-0,44.7,21,42,21,45.2,20,61.8,1
2015,Indianapolis Colts,8-8-0,43.3,22,38.2,23,51.5,14,50,18
2015,Chicago Bears,6-10-0,40.9,23,47.7,18,39.7,27,44.7,26
2015,Tampa Bay Buccaneers,6-10-0,40.6,24,51.6,16,40.7,25,35.3,31
2015,San Diego Chargers,4-12-0,38.8,25,43.9,20,38.6,28,47.5,22
2015,Baltimore Ravens,5-11-0,38.7,26,35.9,28,43,21,57.7,5
2015,Dallas Cowboys,4-12-0,37.5,27,36.6,27,45.5,19,46.5,24
2015,Miami Dolphins,6-10-0,37.4,28,36.9,25,41.4,22,56.5,7
2015,Jacksonville Jaguars,5-11-0,36.8,29,37.2,24,40.9,24,53.8,9
2015,Tennessee Titans,3-13-0,32.9,30,31.7,31,41.4,23,50.7,16
2015,San Francisco 49ers,5-11-0,31.3,31,33.8,30,37.1,30,50.9,15
2015,Cleveland Browns,3-13-0,31.2,32,36.7,26,35.6,31,44.3,27
2016,New England Patriots,17-2-0,77.3,1,75.1,2,61,6,65.3,5
2016,Atlanta Falcons,13-6-0,71.6,2,83.3,1,44.8,22,56.6,10
2016,Dallas Cowboys,13-4-0,66.4,3,70.7,4,50,18,59.5,8
2016,Kansas City Chiefs,12-5-0,63.9,4,51.6,15,60.1,7,73.3,1
2016,Pittsburgh Steelers,13-6-0,59.6,5,62.4,7,52.1,13,49.6,14
2016,Green Bay Packers,12-7-0,58,6,72.6,3,41.3,25,41.4,25
2016,Seattle Seahawks,11-6-1,56.7,7,53.3,13,56.2,10,51.9,13
2016,Denver Broncos,9-7-0,54.3,8,41.3,22,69.6,1,37.7,29
2016,Baltimore Ravens,8-8-0,53.6,9,38.9,26,58.4,8,69.3,3
2016,Oakland Raiders,12-5-0,53.4,10,55.1,10,41.8,24,66.1,4
2016,Minnesota Vikings,8-8-0,53.2,11,41.3,23,65.6,3,44.8,18
2016,Arizona Cardinals,7-8-1,52.6,12,49.5,18,63.1,5,30.6,32
2016,Washington Redskins,8-7-1,51.9,13,63.5,6,37.6,27,54.4,12
2016,New York Giants,11-6-0,51.2,14,36.7,27,67.9,2,42,22
2016,Tennessee Titans,9-7-0,50.4,15,52.3,14,51.2,14,43,20
2016,Miami Dolphins,10-7-0,50.1,16,49.8,17,48.7,19,56.6,11
2016,Indianapolis Colts,8-8-0,49.8,17,53.9,12,35.7,28,71.5,2
2016,Philadelphia Eagles,7-9-0,49.5,18,43.6,20,50.8,16,60.6,7
2016,Tampa Bay Buccaneers,9-7-0,49.2,19,43.9,19,55.3,11,48.7,15
2016,New Orleans Saints,7-9-0,49.1,20,65.6,5,33.4,30,44.5,19
2016,Carolina Panthers,6-10-0,49,21,42,21,57.6,9,47.5,16
2016,Cincinnati Bengals,6-9-1,48.8,22,54.4,11,47,20,42.6,21
2016,Buffalo Bills,7-9-0,47.3,23,56.3,9,43.7,23,41.7,24
2016,San Diego Chargers,5-11-0,46.6,24,50.5,16,51.1,15,34.8,30
2016,Houston Texans,10-8-0,45.2,25,33.5,29,63.9,4,40.9,26
2016,Detroit Lions,9-8-0,44.9,26,56.4,8,32.9,31,59.3,9
2016,Jacksonville Jaguars,3-13-0,36.6,27,31.7,30,52.2,12,39.9,27
2016,New York Jets,5-11-0,35.9,28,39.8,25,44.8,21,34.2,31
2016,Chicago Bears,3-13-0,33.2,29,40,24,39.2,26,38.3,28
2016,Los Angeles Rams,4-12-0,32.9,30,19.5,32,50.6,17,62.6,6
2016,San Francisco 49ers,2-14-0,25.1,31,27.3,31,35.2,29,44.9,17
2016,Cleveland Browns,1-15-0,23.7,32,36.7,28,25.5,32,41.9,23
2017,Philadelphia Eagles,16-3-0,68.8,1,62.7,4,63.7,6,56.1,11
2017,New England Patriots,15-4-0,68.4,2,76.6,1,41.9,30,66.7,2
2017,Minnesota Vikings,14-4-0,67.1,3,59.5,7,69.5,3,43.5,23
2017,New Orleans Saints,12-6-0,65.7,4,70.8,2,51.3,20,56.5,9
2017,Los Angeles Rams,11-6-0,64.4,5,55.9,8,61.2,8,63.3,4
2017,Jacksonville Jaguars,12-7-0,62.5,6,43.4,15,78.6,1,41.7,26
2017,Pittsburgh Steelers,13-4-0,61.4,7,60.7,6,56,17,50.1,17
2017,Baltimore Ravens,9-7-0,59.9,8,37.6,21,69.7,2,65.8,3
2017,Los Angeles Chargers,9-7-0,59.5,9,61.3,5,63,7,27.7,32
2017,Kansas City Chiefs,10-7-0,59.5,10,65.1,3,45.1,24,60.8,5
2017,Atlanta Falcons,11-7-0,57.4,11,55.4,9,53.3,18,55.8,13
2017,Carolina Panthers,11-6-0,55.8,12,48.7,11,58.1,11,54.7,14
2017,Dallas Cowboys,9-7-0,54.1,13,51.3,10,47.2,23,67.4,1
2017,Detroit Lions,9-7-0,54,14,46.8,13,56.2,15,57.3,8
2017,Seattle Seahawks,9-7-0,52.1,15,40.8,18,65.7,5,42.3,24
2017,Tennessee Titans,10-8-0,49.4,16,40.5,19,58.8,10,49.3,18
2017,Buffalo Bills,9-8-0,47.8,17,35.7,25,57.2,14,59.5,7
2017,Cincinnati Bengals,7-9-0,45.5,18,37.2,22,56.2,16,48.6,19
2017,Washington Redskins,7-9-0,45.1,19,42.6,16,57.3,13,33.5,30
2017,Arizona Cardinals,8-8-0,43.8,20,28,29,66.2,4,44.2,22
2017,San Francisco 49ers,6-10-0,40.8,21,35.9,24,47.5,22,55.9,12
2017,Oakland Raiders,6-10-0,40.7,22,42.2,17,43.4,28,50.1,16
2017,New York Jets,5-11-0,40.5,23,36.2,23,48.5,21,51.7,15
2017,Green Bay Packers,7-9-0,40.4,24,46.8,12,40.3,32,46.4,20
2017,Chicago Bears,5-11-0,40.3,25,29.5,28,57.8,12,45.2,21
2017,Tampa Bay Buccaneers,5-11-0,39.8,26,43.5,14,44.5,27,40.1,27
2017,Indianapolis Colts,4-12-0,38.6,27,33.2,26,45,25,59.9,6
2017,Houston Texans,4-12-0,36.4,28,39.3,20,42.5,29,42,25
2017,New York Giants,3-13-0,34.8,29,31.8,27,51.6,19,34,29
2017,Denver Broncos,5-11-0,34,30,26.5,31,59.1,9,31.7,31
2017,Miami Dolphins,6-10-0,33.8,31,27.9,30,44.7,26,56.3,10
2017,Cleveland Browns,0-16-0,22.2,32,20.8,32,41,31,36.9,28
2018,Kansas City Chiefs,13-5-0,70,1,85.3,1,39.2,26,59.3,6
2018,Chicago Bears,12-5-0,69.3,2,58.9,10,76.3,1,34.5,30
2018,New England Patriots,14-5-0,68.7,3,71.3,4,56.4,8,47.6,19
2018,Los Angeles Rams,15-4-0,66.7,4,74,3,49.5,13,50.9,15
2018,New Orleans Saints,14-4-0,65.8,5,74.1,2,40.1,24,67,2
2018,Los Angeles Chargers,13-5-0,62.6,6,64.8,6,60.1,5,39.8,27
2018,Baltimore Ravens,10-7-0,59.4,7,49.6,18,60.5,4,59.9,5
2018,Houston Texans,11-6-0,58.8,8,54.3,14,60,6,49,18
2018,Pittsburgh Steelers,9-6-1,58.2,9,66,5,47.3,17,45.5,21
2018,Indianapolis Colts,11-7-0,56.9,10,58.2,12,50,12,54.3,11
2018,Seattle Seahawks,10-7-0,56.4,11,60.5,8,48.1,16,51.9,14
2018,Philadelphia Eagles,10-8-0,53,12,53.7,15,49.4,14,52.7,13
2018,Dallas Cowboys,11-7-0,52.4,13,56.1,13,50.2,11,42.4,24
2018,Minnesota Vikings,8-7-1,51.7,14,44.4,22,63.3,2,38.5,29
2018,Carolina Panthers,7-9-0,49.3,15,60.2,9,39.6,25,45.4,22
2018,Tennessee Titans,9-7-0,49,16,43.9,23,52.8,9,54.8,10
2018,Atlanta Falcons,7-9-0,48.6,17,64.6,7,34.4,31,50.7,17
2018,Cleveland Browns,7-8-1,45.4,18,45.7,20,51.1,10,41.8,26
2018,Green Bay Packers,6-9-1,43.7,19,58.4,11,39.2,27,34.4,31
2018,Detroit Lions,6-10-0,43.1,20,48.4,19,36.4,29,59.2,7
2018,Washington Redskins,7-9-0,42.6,21,37.8,26,46.6,18,60.6,4
2018,New York Giants,5-11-0,42.5,22,45.7,21,44.4,21,47.5,20
2018,Denver Broncos,6-10-0,40.2,23,42.3,24,45.1,19,44.1,23
2018,Cincinnati Bengals,6-10-0,40.1,24,50.8,17,38.7,28,42,25
2018,Jacksonville Jaguars,5-11-0,40,25,23.4,31,60.7,3,55.8,9
2018,Miami Dolphins,7-9-0,39,26,33.1,28,42.4,22,67.6,1
2018,Tampa Bay Buccaneers,5-11-0,38.9,27,52.4,16,34.7,30,39.1,28
2018,San Francisco 49ers,4-12-0,37.1,28,37.9,25,40.5,23,53,12
2018,New York Jets,4-12-0,36.9,29,27.4,29,44.6,20,66.3,3
2018,Buffalo Bills,6-10-0,35.9,30,26.6,30,59.9,7,33.9,32
2018,Arizona Cardinals,3-13-0,27.7,31,15.7,32,48.4,15,56,8
2018,Oakland Raiders,4-12-0,27.6,32,37.7,27,26.3,32,50.8,16
2019,Baltimore Ravens,14-3-0,73.4,1,71.2,2,62.5,6,54.9,9
2019,Kansas City Chiefs,15-4-0,70.9,2,80.1,1,50,17,52.3,13
2019,San Francisco 49ers,15-4-0,70.8,3,62.4,6,69.6,3,51.1,16
2019,New England Patriots,12-5-0,69.7,4,48.8,17,78.8,1,55.3,8
2019,New Orleans Saints,13-4-0,66,5,64.9,4,56.2,11,58.9,3
2019,Green Bay Packers,14-4-0,62.2,6,61.3,8,58.9,9,45.4,26
2019,Minnesota Vikings,11-7-0,59.7,7,59.9,10,56.5,10,47.9,24
2019,Dallas Cowboys,8-8-0,58.6,8,68.5,3,49.8,18,34.5,30
2019,Los Angeles Rams,9-7-0,56.7,9,50.9,15,59.2,8,50.4,19
2019,Buffalo Bills,10-7-0,56.1,10,42.5,21,62.9,4,59.8,2
2019,Tennessee Titans,11-8-0,55.3,11,60.9,9,50.8,15,45,27
2019,Seattle Seahawks,12-6-0,54.3,12,55.2,11,50.4,16,51.9,14
2019,Houston Texans,11-7-0,53.3,13,62.4,7,40.8,23,53.9,10
2019,Philadelphia Eagles,9-8-0,50,14,53.4,14,45.8,19,48.1,23
2019,Tampa Bay Buccaneers,7-9-0,50,15,46.3,20,61.4,7,32.4,31
2019,Pittsburgh Steelers,8-8-0,49.9,16,27.3,31,71.4,2,49.8,20
2019,Chicago Bears,8-8-0,49.2,17,35.4,27,62.6,5,52.9,11
2019,Denver Broncos,7-9-0,48.4,18,42.3,23,52.5,14,56.7,5
2019,Indianapolis Colts,7-9-0,46.1,19,48.2,18,53.1,12,32,32
2019,Los Angeles Chargers,5-11-0,44,20,49.4,16,41.2,22,48.5,21
2019,Atlanta Falcons,7-9-0,43.8,21,54.8,12,37.3,24,42.5,29
2019,Oakland Raiders,7-9-0,41.7,22,62.8,5,29.1,32,43,28
2019,Cleveland Browns,6-10-0,41.4,23,42.5,22,41.8,21,55.8,7
2019,New York Jets,7-9-0,40.9,24,32.8,29,52.6,13,51.7,15
2019,Detroit Lions,3-12-1,40.3,25,47,19,34.5,29,61.4,1
2019,Arizona Cardinals,5-10-1,39.2,26,54.2,13,30.4,31,52.9,12
2019,Carolina Panthers,5-11-0,35.5,27,34.6,28,44,20,47.6,25
2019,Jacksonville Jaguars,6-10-0,35.4,28,37.7,26,36.8,26,56.4,6
2019,New York Giants,4-12-0,33.2,29,39.3,25,35.1,28,51,17
2019,Miami Dolphins,5-11-0,33.1,30,40.6,24,33.9,30,48.5,22
2019,Cincinnati Bengals,2-14-0,29.2,31,29.9,30,37.1,25,51,18
2019,Washington,3-13-0,26.4,32,25.2,32,35.3,27,57.5,4
2020,Green Bay Packers,14-4-0,73.3,1,86.1,1,45.1,13,44.2,23
2020,Buffalo Bills,15-4-0,69.6,2,73.9,5,47.8,10,68.7,1
2020,Tampa Bay Buccaneers,14-5-0,68.6,3,75.4,4,51.8,6,51.6,15
2020,Kansas City Chiefs,16-2-0,67.5,4,82.3,2,40.2,20,48.9,19
2020,Baltimore Ravens,12-6-0,67.1,5,64.8,12,54.2,5,67.1,3
2020,New Orleans Saints,13-5-0,64.2,6,70.3,7,51.8,7,48,20
2020,Pittsburgh Steelers,12-5-0,61.3,7,54.7,19,66.8,2,39.7,26
2020,Seattle Seahawks,12-5-0,61,8,63.5,14,49,9,63.8,6
2020,Indianapolis Colts,11-6-0,60.5,9,66.5,10,44.8,14,58.4,8
2020,Los Angeles Rams,11-7-0,58.1,10,50.9,22,68.4,1,32.7,30
2020,Cleveland Browns,12-6-0,57.7,11,71.2,6,40.4,19,47.7,21
2020,Miami Dolphins,10-6-0,56.6,12,56,17,47.1,11,65.4,5
2020,Tennessee Titans,11-6-0,55.6,13,77.7,3,32.4,25,42.7,24
2020,Arizona Cardinals,8-8-0,50.4,14,51.5,21,46.4,12,56.1,9
2020,Los Angeles Chargers,7-9-0,47.2,15,63.6,13,41.5,18,24.4,32
2020,Atlanta Falcons,4-12-0,46.8,16,59.7,15,34.3,23,51.4,17
2020,Las Vegas Raiders,8-8-0,46.2,17,69.1,9,24.2,29,55.4,10
2020,Chicago Bears,8-9-0,45.5,18,43,26,43,16,67,4
2020,San Francisco 49ers,6-10-0,45.1,19,44.5,25,54.3,4,35,29
2020,Minnesota Vikings,7-9-0,44.8,20,69.4,8,31.2,27,27.5,31
2020,Washington,7-10-0,44.7,21,36.9,31,59.5,3,39.7,27
2020,New England Patriots,7-9-0,43.8,22,52.6,20,31.3,26,68,2
2020,New York Giants,6-10-0,42.5,23,37.7,30,50,8,52.7,14
2020,Carolina Panthers,5-11-0,42.4,24,55.5,18,33.4,24,50.9,18
2020,Dallas Cowboys,6-10-0,38.8,25,45.5,23,35.3,21,54.7,11
2020,Cincinnati Bengals,4-11-1,37.3,26,44.7,24,34.4,22,52.7,13
2020,Houston Texans,4-12-0,37.1,27,65.7,11,20.5,31,51.6,16
2020,Denver Broncos,5-11-0,36.9,28,39.5,28,42.7,17,44.3,22
2020,Philadelphia Eagles,4-11-1,35.8,29,37.7,29,44,15,40.4,25
2020,Detroit Lions,5-11-0,30.6,30,58.4,16,15.1,32,61.2,7
2020,Jacksonville Jaguars,1-15-0,24.3,31,39.6,27,21.1,30,53.4,12
2020,New York Jets,2-14-0,23.6,32,32.4,32,31.2,28,37.3,28
